ID,Title,Summary Title,Sport,Year,Brand,Set Name,Card Type,Condition,Grade,Raw Avg Price,PSA 9 Avg Price,PSA 10 Price,eBay Item ID,Image URL,Search Term,Source,Created At,Last Updated,Notes
134,"2023 Panini Donruss Optic - Bo Jackson #95 Holo Prizm PSA 10","2023 Panini Donruss Optic Bo Jackson #95 Holo Prizm",Baseball,2023,Panini,Base,Base,Raw,PSA 10,10.97,N/A,39.99,257052259335,https://i.ebayimg.com/images/g/8iYAAeSwrF9okk7w/s-l225.jpg,Panini Prizm PSA 10,130point_auto,2025-08-10 14:59:16,2025-08-10 16:36:23,N/A
133,"2023 PANINI DONRUSS OPTIC BLUE SCOPE PRIZM #213 BRYCE YOUNG RC PSA 10","2023 PANINI DONRUSS OPTIC BLUE SCOPE PRIZM #213 BRYCE YOUNG",Baseball,2023,Panini,Base,Rookie,Raw,PSA 10,20.5,N/A,76,388783320645,https://i.ebayimg.com/images/g/LAUAAeSwQAVojOGa/s-l225.jpg,Panini Prizm PSA 10,130point_auto,2025-08-10 14:59:16,2025-08-10 16:36:32,N/A
132,"2023-24 Panini Prizm - Victor Wembanyama #136 Silver Prizm (RC) PSA 10","2023-24 Panini Prizm Victor Wembanyama #136 Silver Prizm",Baseball,2023,Panini,Prizm,Rookie,Raw,PSA 10,243,304.81000000000006,775,267349628135,https://i.ebayimg.com/images/g/kvMAAeSwknxojA5o/s-l225.jpg,Panini Prizm PSA 10,130point_auto,2025-08-10 14:59:16,2025-08-10 16:36:39,N/A
131,"1993 Donruss #721 Chipper Jones HOF RC Rated Rookie Braves üíéPSA 10 GEM MINTüíé","1993 Donruss #721 Chipper Jones Rated",Baseball,1993,Donruss,Base,Rookie,Raw,PSA 10,2.682499999999999,26,75,336116069951,https://i.ebayimg.com/images/g/xhIAAeSwOIBol0iP/s-l225.jpg,PSA 10 rookie,130point_auto,2025-08-10 14:59:15,2025-08-10 16:36:47,N/A
130,"2023 Topps Chrome #30 Stephen Curry - Purple Geometric 001/119 PSA 10 -1st print","2023 Topps Chrome #30 Stephen Curry Purple Geometric 001/119 -1st print",Baseball,2023,Topps,Chrome,Base,Raw,PSA 10,19.62222222222222,N/A,160,395901166882,https://i.ebayimg.com/images/g/~oEAAOSw5sZnNSFB/s-l225.jpg,Topps Chrome PSA 10,130point_auto,2025-08-10 14:59:11,2025-08-10 16:36:56,N/A
129,"PSA 10 2023 Topps Chrome Gunnar Henderson RC Magenta Speckle /350","2023 Topps Chrome Gunnar Henderson Magenta Speckle /350",Baseball,2023,Topps,Chrome,Rookie,Raw,PSA 10,71.12,N/A,115,396866917556,https://i.ebayimg.com/images/g/Pn4AAeSw7vhod8nX/s-l225.jpg,Topps Chrome PSA 10,130point_auto,2025-08-10 14:59:10,2025-08-10 16:37:04,N/A
128,"2023 Prizm GG Jackson II #179 Rookie RC PSA 10 GEM MINT Grizzlies","2023 Prizm GG Jackson II #179",Baseball,2023,Unknown,Unknown,Rookie,Raw,PSA 10,15.170000000000002,15.850999999999999,10.5,388788536295,https://i.ebayimg.com/images/g/f9MAAeSwlDxn0ksA/s-l225.jpg,PSA 10 rookie,130point_auto,2025-08-10 14:58:53,2025-08-10 16:37:12,N/A
127,"2024 Mosaic Brock Bowers Kaleidoscopic Rookie PSA 10","2024 Mosaic Brock Bowers Kaleidoscopic",Football,2024,Unknown,Unknown,Rookie,Raw,PSA 10,86.46,105.125,252.49,267349628137,https://i.ebayimg.com/images/g/a50AAeSwdpNojA5x/s-l225.jpg,PSA 10 rookie,130point_auto,2025-08-10 14:58:53,2025-08-10 16:37:19,N/A
126,"2024 PANINI DONRUSS OPTIC PREVIEW-RED WAVE #327 CALEB WILLIAMS ROOKIE RC PSA 10","2024 PANINI DONRUSS OPTIC PREVIEW RED WAVE #327 CALEB WILLIAMS",Baseball,2024,Panini,Base,Rookie,Raw,PSA 10,26.482,29.925,105,396894993150,https://i.ebayimg.com/images/g/lAIAAeSwf71ogTcd/s-l225.jpg,PSA 10 rookie,130point_auto,2025-08-10 14:58:53,2025-08-10 16:37:27,N/A
125,"2024 PANINI DONRUSS OPTIC PREVIEW PINK PRIZM #308 MICHAEL PENIX JR. RC PSA 10","2024 PANINI DONRUSS OPTIC PREVIEW PINK PRIZM #308 MICHAEL PENIX JR.",Baseball,2024,Panini,Base,Rookie,Raw,PSA 10,10.15375,21.11,51,388782751926,https://i.ebayimg.com/images/g/u5cAAeSwvwVojLSZ/s-l225.jpg,Panini Prizm PSA 10,130point_auto,2025-08-10 14:58:44,2025-08-10 16:37:34,N/A
124,"2021 PANINI MOSAIC CAMO PINK PRIZM #196 DERRICK HENRY TITANS PSA 10","2021 PANINI MOSAIC CAMO PINK PRIZM #196 DERRICK HENRY",Baseball,2021,Panini,Mosaic,Base,Raw,PSA 10,1.655,N/A,30,267351922901,https://i.ebayimg.com/images/g/QLIAAeSwH5pojoPJ/s-l225.jpg,Panini Prizm PSA 10,130point_auto,2025-08-10 14:58:44,2025-08-10 16:37:43,N/A
123,"2022 topps chrome cal raleigh psa 10","2022 topps chrome cal raleigh",Baseball,2022,Topps,Chrome,Base,Raw,PSA 10,38.05,368.5544444444444,N/A,406104680260,https://i.ebayimg.com/images/g/eDAAAeSwtQlokOgy/s-l225.jpg,Topps Chrome PSA 10,130point_auto,2025-08-10 14:58:35,2025-08-10 16:37:51,N/A
122,"2021 Topps - Chrome 70 Years of Topps Baseball Hank Aaron #70YTC-70 PSA 10","2021 Topps Chrome 70 Years of Topps Hank Aaron #70YTC-70",Baseball,2021,Topps,Base,Base,Raw,PSA 10,1.745,N/A,9.99,365773919948,https://i.ebayimg.com/images/g/Tn4AAeSwVdxojSL9/s-l225.jpg,Topps Chrome PSA 10,130point_auto,2025-08-10 14:58:34,2025-08-10 16:37:59,N/A
121,"Bo Bichette Rookie Card Psa 10 Chrome","Bo Bichette Card Chrome",Baseball,N/A,Unknown,Unknown,Rookie,Raw,PSA 10,8.283333333333333,12.585,10.5,187458757165,https://i.ebayimg.com/images/g/eQ8AAeSwVKtojq0-/s-l225.jpg,PSA 10 rookie,130point_auto,2025-08-10 14:58:23,2025-08-10 16:38:07,N/A
120,"2020 Panini Mosaic Football Justin Herbert RC Rookie Camo Pink PSA 10","2020 Panini Mosaic Justin Herbert Camo Pink",Baseball,2020,Panini,Mosaic,Rookie,Raw,PSA 10,21.715,26.251000000000005,40.3,197601831674,https://i.ebayimg.com/images/g/ecAAAeSwet5olqKO/s-l225.jpg,PSA 10 football,130point_auto,2025-08-10 14:58:10,2025-08-10 16:38:15,N/A
119,"PSA 10 - 2024 Onyx Vintage Football BRYCE UNDERWOOD RC AUTO MICHIGAN POP 5!","2024 Onyx Vintage BRYCE UNDERWOOD MICHIGAN",Football,2024,Unknown,Unknown,Rookie,Raw,PSA 10,90.88666666666667,N/A,400,336032692978,https://i.ebayimg.com/images/g/wL0AAeSw5udoWySg/s-l225.jpg,PSA 10 football,130point_auto,2025-08-10 14:58:10,2025-08-10 16:38:23,N/A
118,"2024 Donruss - Rated Rookie Blake Corum #322 Optic Preview Football Emoji PSA 10","2024 Donruss Rated Blake Corum #322 Optic Preview Emoji",Baseball,2024,Donruss,Base,Rookie,Raw,PSA 10,12.298,N/A,65,365761402497,https://i.ebayimg.com/images/g/~-0AAeSwc0lohZ3T/s-l225.jpg,PSA 10 football,130point_auto,2025-08-10 14:58:10,2025-08-10 16:38:32,N/A
117,"2023 Panini Prizm Football Jordan Addison Rookie RC Silver Prizm PSA 10","2023 Panini Prizm Jordan Addison Silver Prizm",Baseball,2023,Panini,Prizm,Rookie,Raw,PSA 10,14.712857142857143,26.77777777777778,33,365773754091,https://i.ebayimg.com/images/g/FeMAAeSwupZojiU7/s-l225.jpg,PSA 10 football,130point_auto,2025-08-10 14:58:10,2025-08-10 16:38:39,N/A
116,"Doug Flutie 4 Cards - 2000 Collector's Edge PSA 10, Jersey Cards + Game Football","Doug Flutie 4 Cards 2000 Collectors Edge Jersey Cards Game",Football,2000,Unknown,Unknown,Relic,Raw,PSA 10,14.643333333333333,2500,N/A,357397352016,https://i.ebayimg.com/images/g/Y7UAAOSw2MloHAz2/s-l225.jpg,PSA 10 football,130point_auto,2025-08-10 14:57:39,2025-08-10 16:38:49,N/A
115,"2013 Topps Football #31 Travis Kelce PSA 10 Rookie card Kansas Chiefs Chiefs Rc","2013 Topps #31 Travis Kelce card Kansas",Baseball,2013,Topps,Base,Rookie,Raw,PSA 10,40.364444444444445,42.415000000000006,100,167478991287,https://i.ebayimg.com/images/g/DMsAAeSw90loDSyK/s-l225.jpg,PSA 10 football,130point_auto,2025-08-10 14:57:39,2025-08-10 16:38:56,N/A
114,"Derek Carr /75 AUTO PSA 10! 2022 Panini Select Football Signature Prizm Blue","Derek Carr /75 2022 Panini Select Signature Prizm Blue",Baseball,2022,Panini,Select,Autograph,Raw,PSA 10,20,N/A,105.4,256554062778,https://i.ebayimg.com/images/g/tnAAAOSwvpRmewZ6/s-l225.jpg,PSA 10 football,130point_auto,2025-08-10 14:57:39,2025-08-10 16:39:04,N/A
113,"2021 Panini Mosaic Trevor Lawrence NFL Debut Reactive Orange RC Jaguars PSA 10","2021 Panini Mosaic Trevor Lawrence Debut Reactive Orange",Baseball,2021,Panini,Mosaic,Rookie,Raw,PSA 10,9.549999999999999,19.5,42,157204348128,https://i.ebayimg.com/images/g/yQoAAeSwda9odD2M/s-l225.jpg,PSA 10,130point_auto,2025-08-10 14:57:25,2025-08-10 16:39:12,N/A
112,"2020 TOPPS UPDATE #U119 MIKE TROUT ANGELS PSA 10","2020 TOPPS UPDATE #U119 MIKE TROUT",Baseball,2020,Topps,Base,Base,Raw,PSA 10,22.419999999999998,6.5,19.99,365774281956,https://i.ebayimg.com/images/g/w~sAAeSwbzZojoGX/s-l225.jpg,PSA 10,130point_auto,2025-08-10 14:57:25,2025-08-10 16:39:20,N/A
111,"1982 K-MART #16 WILLIE McCOVEY GIANTS HOF PSA 10","1982 K MART #16 WILLIE McCOVEY",Baseball,1982,Unknown,Unknown,Base,Raw,PSA 10,8.129999999999999,8.129999999999999,19.99,267351887845,https://i.ebayimg.com/images/g/TjUAAeSw471ojn42/s-l225.jpg,PSA 10,130point_auto,2025-08-10 14:57:25,2025-08-10 16:39:27,N/A
110,"2021 Pokemon Japanese SWSH 25th Anniversary Promo Holo Rocket's Zapdos #8 PSA 10","2021 Pokemon Japanese SWSH 25th Anniversary Promo Holo Rockets Zapdos #8",Pokemon,2021,Unknown,Unknown,Base,Raw,PSA 10,19.49,N/A,55,N/A,https://dilxwvfkfup17.cloudfront.net/eyJpdiI6InFOY3N1K1poQVFJR1VaWGptQ1g4ZFE9PSIsInZhbHVlIjoidXlBL1VZa3BUZVRlMVdraUI4clJwbTVzY2Jtem8vNWkwKzZheFBVWUQrRFhLdFlmNkhTNTZrWFdVTWR4ME1jemFBVmhtSU1lNDgwTjYyVEd5KzNWcGc9PSIsIm1hYyI6ImFhY2YyOTY1MmNjMDUyNzM4OGRiZDNlZjgxZTI5MzU4ODFlOTZlMjJiY2ExYTM1ODdjZjM2MzM1OTg2MWQ2ZGYifQ==,PSA 10,130point_auto,2025-08-10 14:57:24,2025-08-10 16:39:37,N/A
109,"2006 Topps Lebron James #123 Cleveland Cavs Basketball PSA 10 Gem Mint","2006 Topps Lebron James #123 Cavs",Baseball,2006,Topps,Base,Base,Raw,PSA 10,8.8125,N/A,79.99,317088468783,N/A,PSA 10 basketball,130point_auto,2025-08-10 14:57:18,2025-08-10 16:39:45,N/A
108,"2003 Upper Deck Basketball Phenomenal Beginning Lebron James #13 RC PSA 10","2003 Upper Deck Phenomenal Beginning Lebron James #13",Baseball,2003,Unknown,Unknown,Rookie,Raw,PSA 10,27.09375,42.32899999999999,95,177308913133,N/A,PSA 10 basketball,130point_auto,2025-08-10 14:57:18,2025-08-10 16:39:52,N/A
107,"TANNER MCKEE SP Pink Rookie Auto PSA 10 GEM MINT 2023 Prizm Basketball Card #383","TANNER MCKEE Pink Prizm Card #383",Basketball,2023,Unknown,Unknown,Rookie,Raw,PSA 10,17.3075,2500,141.05,226911694986,https://i.ebayimg.com/images/g/y04AAeSw20ZolxzM/s-l225.jpg,PSA 10 basketball,130point_auto,2025-08-10 14:57:18,2025-08-10 16:40:00,N/A
106,"2023 Panini Prizm Football CJ Stroud Orange Disco Prizm RC #339 PSA 10","2023 Panini Prizm CJ Stroud Orange Disco Prizm #339",Baseball,2023,Panini,Prizm,Rookie,Raw,PSA 10,48.044,73.84599999999999,150,357393495828,https://i.ebayimg.com/images/g/CVYAAeSwZjRojRfx/s-l225.jpg,PSA 10 football,130point_auto,2025-08-10 14:57:04,2025-08-10 16:40:08,N/A
105,"1993 Fleer Basketball Michael Jordan #224 PSA 10 GEM MINT","1993 Fleer Michael Jordan #224",Baseball,1993,Unknown,Unknown,Base,Raw,PSA 10,39.915000000000006,22.247,100,N/A,https://dilxwvfkfup17.cloudfront.net/eyJpdiI6IkpveDdZeDVEblVWSXB6ZmlYMEp4REE9PSIsInZhbHVlIjoibi9CMzQrYjJrak9CZ0V1S1I0a0I2TWQ2aFl3eGg2UHJzWHkvemxtQWU3R0tmN3dwL0hDTTlac0c3V3VWYUhWOFYxenFkUGdzeXRCMXo2QkY2aTdFUlE9PSIsIm1hYyI6IjE4OWRmYjM0NDA2OWU2ZGM2MzE3NmM2MjEwNzg1NmU3YWM4Mjc4NDBhNjRiNzM5ZjU3MjA3MDZhZWYzZGViMzUifQ==,PSA 10 basketball,130point_auto,2025-08-10 14:57:01,2025-08-10 16:40:16,N/A
104,"2008 Pokemon Japanese Stormfront 1st Edition Holo Dialga #71 PSA 10 GEM MINT","2008 Pokemon Japanese Stormfront 1st Edition Holo Dialga #71",Pokemon,2008,Unknown,Unknown,Base,Raw,PSA 10,13.2,19.2,88,N/A,https://dilxwvfkfup17.cloudfront.net/eyJpdiI6ImxsT3VaYzJNM1hEeGYrY2k0dlhCMnc9PSIsInZhbHVlIjoiMHlWdW5mWCsvRDhiZjlidGplcGk2VDBrb01qTm90RGlGN1Fvc1RnRE1yNXk0UDZ2VzZOOE9hV2pET0dJZnJRdnVWV3BqNUFRWVZQSytmaUgwQzFDWGc9PSIsIm1hYyI6IjgwMzFiY2NkODc2NzFlMzAyZWI1MjJjN2NhN2U1ODlmZTc3MjgyM2VlNjUyZDk0MDA0ODQxNGEzNzAyYWYyM2MifQ==,PSA 10,130point_auto,2025-08-10 14:57:00,2025-08-10 16:40:23,N/A
103,"2024 Topps Chrome Xfractor Junior Caminero ROOKIE #213 PSA 10 GEM MINT","2024 Topps Chrome Xfractor Junior Caminero #213",Baseball,2024,Topps,Chrome,Rookie,Raw,PSA 10,6,N/A,60,N/A,https://dilxwvfkfup17.cloudfront.net/eyJpdiI6IjV3YUljL1VPSjhYRlBSU0FTSUZha0E9PSIsInZhbHVlIjoiU0lVRWdDaFExUE5GV3RscGFkQStZNkh2VitJbm5XTWRsWmRMbVR3WGsvbkN1aFBBcjhhNDBHUG1tK3JmZjJiVFZPS3V6bGZDMVFMaytjQm5CZHdnaUE9PSIsIm1hYyI6IjQ4NDU5ZDBmZTlmOWRkMzYyZGZkNTM3OTgyNjg4ZmQxMjFlNWZlZDIxMmYyNmNlZTJmOTA0OGQ4OGUwNjRiNzIifQ==,PSA 10,130point_auto,2025-08-10 14:56:59,2025-08-10 16:40:31,N/A
102,"2023 Pokemon SV Obsidian Flames Europe Exclusive Umbreon #130 PSA 10 GEM MINT","2023 Pokemon SV Obsidian Flames Europe Exclusive Umbreon #130",Pokemon,2023,Unknown,Unknown,Base,Raw,PSA 10,26,27.839999999999996,150,N/A,https://dilxwvfkfup17.cloudfront.net/eyJpdiI6IlowN003RTZXREJGNzVvRk11dVNPSXc9PSIsInZhbHVlIjoiOVJVN0dkbWNPWTE3OXkwTDY1dkFCYk51SVludlVEeDNwK2VYaGEyVkMvVGt5ayt4dzNkdWhaZ1F4N2hjRHl2d2ZGY3FiMFEwTlFVRHVYaUJTTXU3bUE9PSIsIm1hYyI6IjE1OTljZDk1ZDdmNDE1ZjZlM2I0NTQxNjU0ZmIyYjc2ZTBmNmI2NjIwNzA4ZjNiNGZlMWY3NzUzNzlkMTE3Y2YifQ==,PSA 10,130point_auto,2025-08-10 14:56:59,2025-08-10 16:40:38,N/A
101,"2022 Panini Select WWE Hulk Hogan Ringside Gold Prizm #278 /10 PSA 10","2022 Panini Select WWE Hulk Hogan Ringside Gold Prizm 278 10",Unknown,2022,Panini,Select,Base,Raw,PSA 10,258.6,N/A,1125,205653046540,https://i.ebayimg.com/images/g/a1UAAeSwrwFohR5B/s-l225.jpg,Panini Prizm PSA 10,130point_auto,2025-08-10 03:17:55,2025-08-10 16:40:46,N/A
100,"2023 Panini Prizm Draft Picks Victor Wembanyama #2 (RC) PSA 10","2023 Panini Prizm Draft Picks Victor Wembanyama 2",Unknown,2023,Panini,Prizm,Rookie,Raw,PSA 10,4.4025,22.3125,19.58,136261292693,https://i.ebayimg.com/images/g/CKUAAeSwUTZoY0-G/s-l225.jpg,Panini Prizm PSA 10,130point_auto,2025-08-10 03:17:44,2025-08-10 16:40:54,N/A
99,"2023 PANINI PRIZM SILVER PRIZM #365 DE'VON ACHANE ROOKIE RC PSA 10","2023 PANINI PRIZM SILVER PRIZM 365 DEVON ACHANE",Unknown,2023,Panini,Prizm,Rookie,Raw,PSA 10,17.991428571428575,28,39.01,116707126046,https://i.ebayimg.com/images/g/D9kAAeSwOQBohPFq/s-l225.jpg,Panini Prizm PSA 10,130point_auto,2025-08-10 03:17:30,2025-08-10 16:41:01,N/A
98,"2024 Panini Prizm WNBA #145 Caitlin Clark Silver Ice PSA 10 Gem Mint","2024 Panini Prizm WNBA 145 Caitlin Clark Silver Ice",Basketball,2024,Panini,Prizm,Base,Raw,PSA 10,83.6875,115,390,376467687818,https://i.ebayimg.com/images/g/xAAAAeSwYdFolPKS/s-l225.jpg,Panini Prizm PSA 10,130point_auto,2025-08-10 03:17:21,2025-08-10 16:41:08,N/A
97,"2024 PANINI PRIZM PRIZMANIA #26 DREW BREES PSA 10","2024 PANINI PRIZM PRIZMANIA 26 DREW BREES",Unknown,2024,Panini,Prizm,Base,Raw,PSA 10,N/A,201.5,787,116715733701,https://i.ebayimg.com/images/g/IBIAAeSw-4FojUHc/s-l225.jpg,Panini Prizm PSA 10,130point_auto,2025-08-10 03:17:09,2025-08-10 03:17:21,N/A
96,"2013 Topps Chrome Salvador Perez #45 True Orange Refractor Royals PSA 10 Pop 3!!","2013 Topps Chrome Salvador Perez 45 True Orange",Unknown,2013,Topps,Chrome,Refractor,Raw,PSA 10,N/A,201.5,70,177315345240,https://i.ebayimg.com/images/g/7SkAAeSwmIFokVe8/s-l225.jpg,PSA 10 refractor,130point_auto,2025-08-10 03:16:59,2025-08-10 03:17:05,N/A
95,"2025 BOWMAN HOBBY STARS AQUA REFRACTOR #HS2 JACKSON HOLLIDAY 80/125 PSA 10","2025 BOWMAN HOBBY STARS AQUA HS2 JACKSON HOLLIDAY 80125",Unknown,2025,Bowman,Base,Refractor,Raw,PSA 10,N/A,201.5,31,297502365036,https://i.ebayimg.com/images/g/i08AAeSwp~hoh8w5/s-l225.jpg,PSA 10 refractor,130point_auto,2025-08-10 03:16:47,2025-08-10 03:16:59,N/A
94,"2023 Topps Chrome Gunnar Henderson Gold Speckle Rookie Refractor SP 3/50 PSA 10","2023 Topps Chrome Gunnar Henderson Gold Speckle 350",Unknown,2023,Topps,Chrome,Rookie,Raw,PSA 10,N/A,201.5,420,406064053796,https://i.ebayimg.com/images/g/rnIAAeSwda5n6u5M/s-l225.jpg,PSA 10 refractor,130point_auto,2025-08-10 03:16:35,2025-08-10 03:16:47,N/A
93,"2022 Bowman Sterling MARCELO MAYER Black Atomic Refractor #3/10 PSA 10 Gem Mint!","2022 Bowman Sterling MARCELO MAYER Black Atomic 310",Unknown,2022,Bowman,Base,Rookie,Raw,PSA 10,N/A,201.5,140,256961072932,https://i.ebayimg.com/images/g/DwQAAOSwu9RoP1yI/s-l225.jpg,PSA 10 refractor,130point_auto,2025-08-10 03:16:24,2025-08-10 03:16:34,N/A
92,"2024 Topps Chrome Marvin Harrison Jr ‚Äò74 Laser Refractor #74TF5 PSA 10","2024 Topps Chrome Marvin Harrison Jr 74 Laser 74TF5",Unknown,2024,Topps,Chrome,Refractor,Raw,PSA 10,N/A,201.5,46,406110533898,https://i.ebayimg.com/images/g/2GUAAeSwU9lok7Mf/s-l225.jpg,PSA 10 refractor,130point_auto,2025-08-10 03:16:15,2025-08-10 03:16:24,N/A
91,"2025 Topps Chrome Gem MT PSA 10 Mark McGwire Chromographs Orange Refractor #4/25","2025 Topps Chrome Mark McGwire Chromographs Orange 425",Unknown,2025,Topps,Chrome,Refractor,Raw,PSA 10,N/A,201.5,137.5,197590767580,https://i.ebayimg.com/images/g/xVgAAeSwC6JokVsc/s-l225.jpg,PSA 10 refractor,130point_auto,2025-08-10 03:16:11,2025-08-10 03:16:14,N/A
90,"2023 Bowman Termarr Johnson Chrome Prospects Mega Yellow Refractor #/75 PSA 10","2023 Bowman Termarr Johnson Chrome Prospects Mega Yellow 75",Unknown,2023,Bowman,Base,Refractor,Raw,PSA 10,N/A,201.5,24.5,127288455628,https://i.ebayimg.com/images/g/SHwAAeSwZDxokTBj/s-l225.jpg,PSA 10 refractor,130point_auto,2025-08-10 03:15:59,2025-08-10 03:16:10,N/A
89,"2025 BOWMAN CHROME PROSPECTS ROSE GOLD REFRACTOR JJ WETHERHOLT 9/15 PSA 10","2025 BOWMAN CHROME PROSPECTS ROSE GOLD JJ WETHERHOLT 915",Unknown,2025,Bowman,Chrome,Refractor,Raw,PSA 10,N/A,201.5,655,116707038401,https://i.ebayimg.com/images/g/0VkAAeSw9KRohNxC/s-l225.jpg,PSA 10 refractor,130point_auto,2025-08-10 03:15:55,2025-08-10 03:15:59,N/A
88,"2023 Pokemon Japanese SV World Championships Yokohama Pikachu ex #1 PSA 10 GEM","2023 Pokemon Japanese SV World Championships Yokohama Pikachu ex 1",Pokemon,2023,Unknown,Unknown,Base,Raw,PSA 10,169.5,91.66666666666667,491,N/A,https://dilxwvfkfup17.cloudfront.net/eyJpdiI6IlVrWmFFeFQ0YitBOEV4NHZlV01QTlE9PSIsInZhbHVlIjoiT3VYdGdXZEEzcXRRaFluYzNBcTV4eVh3ajRvQ2tPTktjMTF3Q1ZpSEdjdU1kdkJVTCtLejB6SkEzNlpHdTN6WGNzZWJrMXdDNC9vckNwL2xSZEVQbmc9PSIsIm1hYyI6ImEwNzVlMWE2NTQ2Nzc3NzQ3YTMwYTc1NjNlMWFmMTU0NzUxMGI5N2M2OGQzYjI4Nzk5NmE5YTNlMTVlZGVlMTUifQ==,PSA 10 pokemon,130point_auto,2025-08-10 03:15:39,2025-08-10 16:42:29,N/A
87,"2020 Pokemon Japanese SWSH Shiny Star V Alt Art Shiny Charizard VMAX #308 PSA 10","2020 Pokemon Japanese SWSH Shiny Star V Alt Art Shiny Charizard VMAX 308",Pokemon,2020,Unknown,Unknown,Base,Raw,PSA 10,N/A,201.5,172,N/A,https://dilxwvfkfup17.cloudfront.net/eyJpdiI6ImIreUh6ellnbGxEbzlkV2hya045Rmc9PSIsInZhbHVlIjoid3RtNWVVOWdla2o0emNDZ2poVWorR1dmOU5saW8wNmJrQ1NhNHN3L003eDJXM3ZBODdsVCszS2t0VWlCaHV0dFl1NVZ1NS9OQ2pOVUtmTFZLNGsrMXc9PSIsIm1hYyI6IjgyNjBiMjVkOTFmMmRkMDczNjlkM2U2MDVmZmFlMjc2MDhiNjJmZjQ3MzllNDBlMmM3Nzc5Y2Y5YmM2ODZjNjIifQ==,PSA 10 pokemon,130point_auto,2025-08-10 03:15:26,2025-08-10 03:15:39,N/A
86,"2021 Pokemon SWSH Black Star Promo Celebrations Pikachu V Union #141 PSA 10 GEM","2021 Pokemon SWSH Black Star Promo Celebrations Pikachu V Union 141",Pokemon,2021,Unknown,Unknown,Base,Raw,PSA 10,N/A,20.333333333333332,105,N/A,https://dilxwvfkfup17.cloudfront.net/eyJpdiI6InFpTzVmMVFvWkNpY1B4VVl3cE55QVE9PSIsInZhbHVlIjoiTFZJRGNTb1paOWtucEp3UlJ3K2RjQ2pHZDVheEVUUmZ6alAzeUlQeE1JY0FZWTdOK1JkRlZnT0xUWUFFcWVSZklaK2lLeTJoWlZBell1U000MHlHeVE9PSIsIm1hYyI6IjE1OWI0YjQ2MzdmZjE3OTZkZjJlNTdlNzg1NDg2NDQ4NzA5YjJkOWJjZjY4Njk5YjIxY2JmMWY4MzQ0NzUxNzEifQ==,PSA 10 pokemon,130point_auto,2025-08-10 03:15:14,2025-08-10 16:42:45,N/A
85,"2006 Pokemon Japanese Movie Commemoration Vs Pack Shep's Walrein #006 PSA 10","2006 Pokemon Japanese Movie Commemoration Vs Pack Sheps Walrein 006",Pokemon,2006,Unknown,Unknown,Base,Raw,PSA 10,31.18,1118.2575,39,N/A,https://dilxwvfkfup17.cloudfront.net/eyJpdiI6ImxmV2tGUkdjMWRqdVZTTWNDa25DZGc9PSIsInZhbHVlIjoialByeHZrcEs1My9aVFd0a24vKzN6QUI2ZUpnOHB1bEIvM0FjTkgxYmMwd0UyZCt6MHIwanpRKzI1bEpZUHJ4UGZWaFp6cTdTbE55c0NKdTF2bzZmalE9PSIsIm1hYyI6ImQyYTJkMTk1NGIzM2UyMmQxNmI2NDJlM2Q1ZDc1ZGU3NDhkOTJjZDVjMDIzMDNkZjEzMjk5MThjZGFkNGZhOTEifQ==,PSA 10 pokemon,130point_auto,2025-08-10 03:15:07,2025-08-10 16:42:54,N/A
84,"2015 Pokemon Japanese XY Legendary Shine 1st Edition Full Art Arceus #24 PSA 10","2015 Pokemon Japanese XY Legendary Shine 1st Edition Full Art Arceus 24",Pokemon,2015,Unknown,Unknown,Rookie,Raw,PSA 10,N/A,201.5,235,N/A,https://dilxwvfkfup17.cloudfront.net/eyJpdiI6IkxhRTBrQXdFUkZjQmZ2L0pnTFZkSWc9PSIsInZhbHVlIjoiL0Vnc3BaaFlYMmtBSjdGbWhkVXFjL01ZYUlDaDUxOTJVUDNQOU5CalFYOVlYZERXK29PVm4xUUNybnFTNTJmM0FrbDJLUkE2ZFRFYzEwSTR5eW1mcWc9PSIsIm1hYyI6Ijc0YTExMDgyMjU5N2M5Yjk0MjZmNGVkOGE5Njk0NmExZmI2YWE1MDA5YjBjNTFmZGUyYjlhN2NiYmMzMjk4NTcifQ==,PSA 10 pokemon,130point_auto,2025-08-10 03:14:55,2025-08-10 03:15:07,N/A
83,"2019 Pokemon Sun & Moon Cosmic Eclipse Blastoise & Piplup GX #38 PSA 10 GEM MINT","2019 Pokemon Sun Moon Cosmic Eclipse Blastoise Piplup GX 38",Pokemon,2019,Unknown,Unknown,Base,Raw,PSA 10,100.99,N/A,779,N/A,https://dilxwvfkfup17.cloudfront.net/eyJpdiI6IkJUb0NZOFIwWG03WUpnNHRUSVJmNXc9PSIsInZhbHVlIjoiOHZHZlhUQ1ZjRXBYRWZVRkxRd1UyNmJEUU1QL2lrUWt5UGtQLy9pcksyU2ZENnE1RVpQMXhCWWxlUSt5SzdvaDJ0bElpSHZFbHoxSnNBdWsrTmlab3c9PSIsIm1hYyI6IjljNDIyZGFmMmU4NmNmNDhhNDVlMmY4MDNmZjNlZDE0ZjUyZGFmYzgyOWZkZmY1NWU1NGU4YzY5NjU1YjZlOGQifQ==,PSA 10 pokemon,130point_auto,2025-08-10 03:14:42,2025-08-10 03:14:54,N/A
82,"2005 Pokemon EX Unseen Forces Holo Blissey ex #101 PSA 10 GEM MINT","2005 Pokemon EX Unseen Forces Holo Blissey ex 101",Pokemon,2005,Unknown,Unknown,Rookie,Raw,PSA 10,N/A,N/A,2450,N/A,https://dilxwvfkfup17.cloudfront.net/eyJpdiI6IlF4cTlsdmQ2dTRrTjQrbElaLzNXeXc9PSIsInZhbHVlIjoiM0VSWm9qZkhFYjVYUlhRM2xHeUQ0eVl0Y3JhU00vMGoyd2d5a2FEVnFBbG56SC9SUHpPV1RtM3JCZVQzZkczTVF3UUF4UUR5LzA3d25zby8wZHBJMXc9PSIsIm1hYyI6IjU1NTgxNjkxN2Q1MzdhYzExMDRlNDRlZmM5NjcxZjZiOGZlZTA0YjYwYzc0YjFjN2VjNjgzZmMxZjM0M2IyYTUifQ==,PSA 10 pokemon,130point_auto,2025-08-10 03:14:35,2025-08-10 03:14:35,N/A
81,"2018 Pokemon Japanese Sun & Moon Dark Order Holo Jirachi #34 PSA 10 GEM MINT","2018 Pokemon Japanese Sun Moon Dark Order Holo Jirachi 34",Pokemon,2018,Unknown,Unknown,Base,Raw,PSA 10,N/A,201.5,39,N/A,https://dilxwvfkfup17.cloudfront.net/eyJpdiI6Im4zaTlER1ljKzErR0NkSmlHM3NsWkE9PSIsInZhbHVlIjoidm4rVXVtTHpKSnZoNkVHb1NQcTRzdGl3YUliY0VlemFYSWU4d0hBU2EzbStLZS83ZWxMV3poOVhTM2lVSzNGOUl4TGlQbkxkcDVOa0RoV3NPYzhJcGc9PSIsIm1hYyI6IjNjMzUxYzQ4YTRmZTRlYThmODEyMjA4MjI2YjMzZWU1MDBlYTA5OWMwNzk5NTEwNWRjMWE5MzFjY2RkZjMwZmEifQ==,PSA 10 pokemon,130point_auto,2025-08-10 03:14:22,2025-08-10 03:14:35,N/A
80,"2025 Pokemon SV Prismatic Evolutions SIR Umbreon ex #161 PSA 10 GEM MINT","2025 Pokemon SV Prismatic Evolutions SIR Umbreon ex 161",Pokemon,2025,Unknown,Unknown,Base,Raw,PSA 10,N/A,N/A,2666,N/A,https://dilxwvfkfup17.cloudfront.net/eyJpdiI6IlJ4bHZiYUxadVUyaG1scUY2VDhid0E9PSIsInZhbHVlIjoiamlhNjZkRTl4dE5JMkpvMHROZ2ZTN090TEEwTzh6NCtWcVNkVExJa0hPeW00L1MxUUh4OVBTaXNUOU1ZVDg0ZktSUlVUR0MvRDRsWmR0MTI1MHo0NVE9PSIsIm1hYyI6ImY5MDk0ZTEzODBmOWFlODcwMTk0YTYzMDczZDk1ZjVkNTVlNTQ3YjNlZTAxOTI0YzRkMGE1MDMxNzYzYTNmZGIifQ==,PSA 10 pokemon,130point_auto,2025-08-10 03:14:10,2025-08-10 03:14:10,N/A
79,"2025 POKEMON PRE EN-PRISMATIC EVOS ROARING MOON EX #162 SPECIAL ILL RARE PSA 10","2025 POKEMON PRE EN PRISMATIC EVOS ROARING MOON EX 162 SPECIAL ILL RARE",Pokemon,2025,Unknown,Unknown,Base,Raw,PSA 10,N/A,201.5,615.99,167478857846,https://i.ebayimg.com/images/g/2LoAAeSwRRloDRK4/s-l225.jpg,PSA 10 pokemon,130point_auto,2025-08-10 03:14:03,2025-08-10 03:14:10,N/A
78,"2024 PANINI IMPECCABLE LIV #IGKNA KEVIN NA 24/35 PSA 10 DNA AUTO AUTHENTIC","2024 PANINI IMPECCABLE LIV IGKNA KEVIN NA 2435 DNA AUTHENTIC",Unknown,2024,Panini,Base,Autograph,Raw,PSA 10,N/A,201.5,40,306427419258,https://i.ebayimg.com/images/g/IL0AAeSw-4pojWBY/s-l225.jpg,PSA 10 auto,130point_auto,2025-08-10 03:13:52,2025-08-10 03:13:58,N/A
77,"2024 PANINI PRIZM WNBA SIGNATURES BLUE PRIZM DIANA TAURASI 62/75 PSA 10 AUTO","2024 PANINI PRIZM WNBA SIGNATURES BLUE PRIZM DIANA TAURASI 6275",Basketball,2024,Panini,Prizm,Autograph,Raw,PSA 10,N/A,201.5,117.5,306426699329,https://i.ebayimg.com/images/g/Y68AAeSwmxpojMRa/s-l225.jpg,PSA 10 auto,130point_auto,2025-08-10 03:13:47,2025-08-10 03:13:51,N/A
76,"2023 Bowman Chrome Ricardo Olivar Yellow Auto /75 PSA 10 Gem Mint Pop 7","2023 Bowman Chrome Ricardo Olivar Yellow 75",Unknown,2023,Bowman,Chrome,Autograph,Raw,PSA 10,N/A,201.5,36,226900153837,https://i.ebayimg.com/images/g/F3wAAeSwb5xojlmf/s-l225.jpg,PSA 10 auto,130point_auto,2025-08-10 03:13:35,2025-08-10 03:13:47,N/A
75,"2017-18 SP Authentic ALEX TUCH Future Watch Auto Inscribed 045/999 - PSA 10","2017-18 Authentic ALEX TUCH Future Watch Inscribed 045999",Unknown,2017,Unknown,Unknown,Autograph,Raw,PSA 10,N/A,201.5,175.53,285635015079,https://i.ebayimg.com/images/g/-sgAAOSw~59llD2U/s-l225.jpg,PSA 10 auto,130point_auto,2025-08-10 03:13:22,2025-08-10 03:13:35,N/A
74,"Shawn Kemp PSA 10 auto 1991 Skybox #584 Seattle Supersonics PSA/DNA 10 AUTO","Shawn Kemp 1991 Skybox 584 Seattle Supersonics PSADNA 10",Unknown,1991,Unknown,Unknown,Autograph,Raw,PSA 10,N/A,201.5,42,365774220936,https://i.ebayimg.com/images/g/WrQAAeSwDGZojnEb/s-l225.jpg,PSA 10 auto,130point_auto,2025-08-10 03:13:09,2025-08-10 03:13:22,N/A
73,"2020 Chronicles Timeless Treasures Jalen Hurts /99 RPA Auto! Auth DNA/PSA 10","2020 Chronicles Timeless Treasures Jalen Hurts 99 RPA Auth DNA",Unknown,2020,Unknown,Unknown,Autograph,Raw,PSA 10,N/A,201.5,333,205644257338,https://i.ebayimg.com/images/g/zTMAAeSwM7podStF/s-l225.jpg,PSA 10 auto,130point_auto,2025-08-10 03:12:59,2025-08-10 03:13:09,N/A
72,"2022 Topps x Lauren Taylor Julio Rodriguez RC Rookie #20 Mariners PSA 10","2022 Topps x Lauren Taylor Julio Rodriguez 20",Unknown,2022,Topps,Base,Rookie,Raw,PSA 10,N/A,201.5,123.5,127288455516,https://i.ebayimg.com/images/g/xEkAAeSwlBxokTBj/s-l225.jpg,PSA 10 rookie,130point_auto,2025-08-10 03:12:45,2025-08-10 03:12:54,N/A
71,"2024 PANINI REVOLUTION KABOOM! VERTICAL #16 ZACCHARIE RISACHER ROOKIE RC PSA 10","2024 PANINI REVOLUTION KABOOM VERTICAL 16 ZACCHARIE RISACHER",Unknown,2024,Panini,Base,Rookie,Raw,PSA 10,610,201.5,1482,297511061880,https://i.ebayimg.com/images/g/F-gAAeSwGqJojNoC/s-l225.jpg,PSA 10 rookie,130point_auto,2025-08-10 03:12:32,2025-08-10 03:12:45,N/A
70,"2025 BOWMAN CRYSTALLIZED RED #BWC3 JACOB WILSON ROOKIE RC 5/5 PSA 10","2025 BOWMAN CRYSTALLIZED RED BWC3 JACOB WILSON 55",Unknown,2025,Bowman,Base,Rookie,Raw,PSA 10,N/A,201.5,1324,116711232116,https://i.ebayimg.com/images/g/naUAAeSwTVRoiSqe/s-l225.jpg,PSA 10 rookie,130point_auto,2025-08-10 03:12:21,2025-08-10 03:12:32,N/A
69,"2017 PANINI SCORE #403 PATRICK MAHOMES II ROOKIE RC PSA 10","2017 PANINI SCORE 403 PATRICK MAHOMES II",Unknown,2017,Panini,Base,Rookie,Raw,PSA 10,32.49,N/A,275,305963084824,https://i.ebayimg.com/images/g/0Y0AAOSwi35nVlz1/s-l225.jpg,PSA 10 rookie,130point_auto,2025-08-10 03:12:12,2025-08-10 03:12:21,N/A
68,"2017 Topps Update Rookie Card RC Debut Aaron Judge #US99 Batting PSA 10 GEM MINT","2017 Topps Update Card Debut Aaron Judge US99 Batting",Unknown,2017,Topps,Base,Rookie,Raw,PSA 10,N/A,201.5,173.5,116717071015,https://i.ebayimg.com/images/g/avoAAeSwLWpofsvc/s-l225.jpg,PSA 10 rookie,130point_auto,2025-08-10 03:12:01,2025-08-10 03:12:12,N/A
67,"2022 Select Maroon Die Cut Rookie Jalen Williams #74/175 PSA 10- Thunder RC üî•üèÄ","2022 Select Maroon Die Cut Jalen Williams 74175",Unknown,2022,Unknown,Unknown,Rookie,Raw,PSA 10,N/A,201.5,80,336028520600,https://i.ebayimg.com/images/g/2ckAAOSwHp5oV5s5/s-l225.jpg,PSA 10 rookie,130point_auto,2025-08-10 03:11:50,2025-08-10 03:12:00,N/A
66,"2023 PANINI HAUNTED HOOPS HOLO CANDY #282 VICTOR WEMBANYAMA ROOKIE RC PSA 10","2023 PANINI HAUNTED HOOPS HOLO CANDY 282 VICTOR WEMBANYAMA",Unknown,2023,Panini,Base,Rookie,Raw,PSA 10,125,201.5,404,297504032248,https://i.ebayimg.com/images/g/MgsAAeSwBWdoiONf/s-l225.jpg,PSA 10 rookie,130point_auto,2025-08-10 03:11:40,2025-08-10 03:11:50,N/A
65,"DEION SANDERS 1989 Topps Football PSA 10 AUTO 10 Rookie Card Rare 10/10 Low Pop","DEION SANDERS 1989 Topps 10 Card Rare 1010 Low Pop",Football,1989,Topps,Base,Rookie,Raw,PSA 10,N/A,201.5,950,306404242367,https://i.ebayimg.com/images/g/IN4AAeSww-Zoe9jL/s-l225.jpg,PSA 10 football,130point_auto,2025-08-10 03:11:24,2025-08-10 03:11:35,N/A
64,"2024 Topps Finest Football Bo Nix Prodigies Base RC Auto PSA 10","2024 Topps Finest Bo Nix Prodigies Base",Football,2024,Topps,Finest,Rookie,Raw,PSA 10,N/A,201.5,229.5,267351438680,https://i.ebayimg.com/images/g/PYcAAeSwk8pojfio/s-l225.jpg,PSA 10 football,130point_auto,2025-08-10 03:11:15,2025-08-10 03:11:24,N/A
63,"2024 Topps Finest Football Bo Nix Finest Debuts Refractor RC #D6 PSA 10","2024 Topps Finest Bo Nix Finest Debuts D6",Football,2024,Topps,Finest,Rookie,Raw,PSA 10,N/A,201.5,59,257047200843,https://i.ebayimg.com/images/g/NY0AAeSwwlRojfhs/s-l225.jpg,PSA 10 football,130point_auto,2025-08-10 03:11:04,2025-08-10 03:11:15,N/A
62,"2024 Panini Donruss Football Bo Nix Optic Preview Pink Prizm RC #369 PSA 10","2024 Panini Donruss Bo Nix Optic Preview Pink Prizm 369",Football,2024,Panini,Base,Rookie,Raw,PSA 10,N/A,N/A,76,257047200855,https://i.ebayimg.com/images/g/Vh4AAeSwNpxojffz/s-l225.jpg,PSA 10 football,130point_auto,2025-08-10 03:10:53,2025-08-10 03:10:53,N/A
61,"2024 Panini Donruss Football JJ McCarthy Rookie Gridiron Kings RC #5 PSA 10","2024 Panini Donruss JJ McCarthy Gridiron 5",Football,2024,Panini,Base,Rookie,Raw,PSA 10,N/A,N/A,45,267351438674,https://i.ebayimg.com/images/g/KeAAAeSwc9JojfcE/s-l225.jpg,PSA 10 football,130point_auto,2025-08-10 03:10:42,2025-08-10 03:10:42,N/A
60,"2024 Panini Donruss Football JJ McCarthy The Elite Series Rookie RC #4 PSA 10","2024 Panini Donruss JJ McCarthy The Elite Series 4",Football,2024,Panini,Base,Rookie,Raw,PSA 10,N/A,N/A,47,257047200856,https://i.ebayimg.com/images/g/SScAAeSwwzxojfZ6/s-l225.jpg,PSA 10 football,130point_auto,2025-08-10 03:10:37,2025-08-10 03:10:37,N/A
59,"2024 Panini Prizm Football Laiatu Latu Black & White Checker Prizm RC PSA 10","2024 Panini Prizm Laiatu Latu Black White Checker Prizm",Football,2024,Panini,Prizm,Rookie,Raw,PSA 10,N/A,201.5,41,257047200865,https://i.ebayimg.com/images/g/OjQAAeSwpvFojfUj/s-l225.jpg,PSA 10 football,130point_auto,2025-08-10 03:10:24,2025-08-10 03:10:37,N/A
58,"2024 Panini Prizm Football JJ McCarthy Prizmatic Green Prizm RC #8 PSA 10","2024 Panini Prizm JJ McCarthy Prizmatic Green Prizm 8",Football,2024,Panini,Prizm,Rookie,Raw,PSA 10,N/A,N/A,51,257047200869,https://i.ebayimg.com/images/g/PtoAAeSwi8lojfTv/s-l225.jpg,PSA 10 football,130point_auto,2025-08-10 03:10:12,2025-08-10 03:10:12,N/A
57,"2024 Panini Prizm Football Jayden Daniels Emergent Base Insert RC #2 PSA 10","2024 Panini Prizm Jayden Daniels Emergent Base Insert 2",Football,2024,Panini,Prizm,Rookie,Raw,PSA 10,N/A,13.26,31,257047200866,https://i.ebayimg.com/images/g/pJ4AAeSwollojfQI/s-l225.jpg,PSA 10 football,130point_auto,2025-08-10 03:10:01,2025-08-10 03:10:12,N/A
56,"2024 Panini Prizm Football Brock Bowers Emergent Green Ice Prizm RC #8 PSA 10","2024 Panini Prizm Brock Bowers Emergent Green 8",Football,2024,Panini,Prizm,Rookie,Raw,PSA 10,N/A,N/A,36,267351438681,https://i.ebayimg.com/images/g/sq4AAeSwE8tojfPS/s-l225.jpg,PSA 10 football,130point_auto,2025-08-10 03:09:50,2025-08-10 03:09:50,N/A
55,"2019 Panini Prizm Basketball LeBRON JAMES #129 L.A.Lakers PSA 10","2019 Panini Prizm LeBRON JAMES 129 L.A.",Basketball,2019,Panini,Prizm,Base,Raw,PSA 10,N/A,201.5,16.25,376456945327,https://i.ebayimg.com/images/g/EkoAAeSwZKRokRkE/s-l225.jpg,PSA 10 basketball,130point_auto,2025-08-10 03:09:37,2025-08-10 03:09:45,N/A
54,"2024 PANINI DONRUSS #369 BO NIX OPTIC PREVIEW - RED & GREEN RC PSA 10","2024 PANINI DONRUSS 369 BO NIX OPTIC PREVIEW RED GREEN",Unknown,2024,Panini,Base,Rookie,Raw,PSA 10,N/A,N/A,59,205644257348,https://i.ebayimg.com/images/g/4~wAAeSw~29n~c9d/s-l225.jpg,PSA 10,130point_auto,2025-08-10 03:09:20,2025-08-10 03:09:20,N/A
53,"2024 PANINI MOSAIC #303 DRAKE MAYE RC GREEN PSA 10","2024 PANINI MOSAIC 303 DRAKE MAYE GREEN",Unknown,2024,Panini,Mosaic,Rookie,Raw,PSA 10,N/A,N/A,45,205644257334,https://i.ebayimg.com/images/g/q2UAAOSw0VRoF4IK/s-l225.jpg,PSA 10,130point_auto,2025-08-10 03:09:09,2025-08-10 03:09:09,N/A
52,"2008 UPPER DECK MASTERPIECES #16 BRIAN BOSWORTH PSA 10","2008 UPPER DECK MASTERPIECES 16 BRIAN BOSWORTH",Unknown,2008,Unknown,Unknown,Base,Raw,PSA 10,N/A,15,59.99,116714476281,https://i.ebayimg.com/images/g/2UMAAeSwKP1ojE7E/s-l225.jpg,PSA 10,130point_auto,2025-08-10 03:08:56,2025-08-10 03:09:09,N/A
51,"1969 Mlb Photostamps Set-Break Pete Rose Hand Cut Auto PSA 10 AUTO 10","1969 Photostamps Set Break Pete Rose Hand Cut 10",Baseball,1969,Unknown,Unknown,Autograph,Raw,PSA 10,N/A,201.5,207.5,326710151986,https://i.ebayimg.com/images/g/KvQAAeSwrF9oighg/s-l225.jpg,PSA 10,130point_auto,2025-08-10 03:08:46,2025-08-10 03:08:56,N/A
50,"2024 BOWMAN UNIVERSITY CHROME SAPPHIRE #16 COOPER FLAGG PSA 10","2024 BOWMAN UNIVERSITY CHROME SAPPHIRE 16 COOPER FLAGG",Unknown,2024,Bowman,Base,Base,Raw,PSA 10,N/A,N/A,283,297511551217,https://i.ebayimg.com/images/g/aGUAAeSwT3tojRQL/s-l225.jpg,PSA 10,130point_auto,2025-08-10 03:08:40,2025-08-10 03:08:40,N/A
49,"2023 PANINI SELECT ORANGE TECTONIC #321 CASON WALLACE ROOKIE RC PSA 10","2023 PANINI SELECT ORANGE TECTONIC 321 CASON WALLACE",Unknown,2023,Panini,Select,Rookie,Raw,PSA 10,N/A,201.5,20.5,297509804416,https://i.ebayimg.com/images/g/tNkAAeSwZfRojEc-/s-l225.jpg,PSA 10,130point_auto,2025-08-10 03:08:27,2025-08-10 03:08:40,N/A
48,"2024 PANINI DONRUSS #369 BO NIX RC OPTIC PREVIEW-PINK PSA 10","2024 PANINI DONRUSS 369 BO NIX OPTIC PREVIEW PINK",Unknown,2024,Panini,Base,Rookie,Raw,PSA 10,14.99,N/A,72.71,205644257333,https://i.ebayimg.com/images/g/3PQAAOSwKiBoGAs2/s-l225.jpg,PSA 10,130point_auto,2025-08-10 03:08:17,2025-08-10 03:08:27,N/A
47,"2024 PANINI PRIZM #309 BO NIX RC GREEN WAVE PSA 10","2024 PANINI PRIZM 309 BO NIX GREEN WAVE",Unknown,2024,Panini,Prizm,Rookie,Raw,PSA 10,N/A,N/A,111,205644257347,https://i.ebayimg.com/images/g/ziQAAOSwfTFoGMzA/s-l225.jpg,PSA 10,130point_auto,2025-08-10 03:08:06,2025-08-10 03:08:06,N/A
46,"2024 PANINI PRIZM PRIZMATIC #3 JAYDEN DANIELS RC PRIZMATIC-GREEN PRIZM PSA 10","2024 PANINI PRIZM PRIZMATIC 3 JAYDEN DANIELS PRIZMATIC GREEN PRIZM",Unknown,2024,Panini,Prizm,Rookie,Raw,PSA 10,N/A,N/A,51,205644257342,https://i.ebayimg.com/images/g/WN8AAOSwKgRoFvCs/s-l225.jpg,PSA 10,130point_auto,2025-08-10 03:07:56,2025-08-10 03:07:56,N/A
45,"2024 Topps Chrome #207 Brock Bowers Rookie RC Sepia Refractor PSA 10 Gem Mint","2024 Topps Chrome 207 Brock Bowers Sepia",Unknown,2024,Topps,Chrome,Rookie,Raw,PSA 10,N/A,201.5,54,157214816987,https://i.ebayimg.com/images/g/unUAAeSwm-tog6~7/s-l225.jpg,PSA 10,130point_auto,2025-08-10 03:07:42,2025-08-10 03:07:56,N/A
44,"2020 Panini Select Justin Herbert RC WHITE PRIZM /35 SSP Gem Mint PSA 10","2020 Panini Select Justin Herbert RC WHITE PRIZM 35 SSP",Basketball,2020,Panini,Select,Rookie,Raw,PSA 10,N/A,N/A,650,167677052519,https://i.ebayimg.com/images/g/2kMAAOSwO~dndc0-/s-l225.jpg,Panini Select PSA 10,130point_test,2025-08-10 02:08:29,2025-08-10 02:08:29,N/A
43,"2024 Panini Select DRAKE MAYE #113 Premier Level Light Blue Prizm 79/99 PSA 10","2024 Panini Select DRAKE MAYE 113 Premier Level Light Blue Prizm 7999",Basketball,2024,Panini,Select,Base,Raw,PSA 10,N/A,N/A,335,177310453751,https://i.ebayimg.com/images/g/0OcAAeSwNSVojqMc/s-l225.jpg,Panini Select PSA 10,130point_test,2025-08-10 02:08:20,2025-08-10 02:08:20,N/A
42,"JALEN GREEN 2021-22 PANINI SELECT #190 ROOKIE DIE-CUT PURPLE PRIZM 84/99 PSA 10","JALEN GREEN 2021-22 PANINI SELECT 190 ROOKIE DIE-CUT PURPLE PRIZM 8499",Basketball,2021,Panini,Select,Rookie,Raw,PSA 10,N/A,N/A,32,177310474172,https://i.ebayimg.com/images/g/NuEAAeSw6shojqeU/s-l225.jpg,Panini Select PSA 10,130point_test,2025-08-10 02:08:12,2025-08-10 02:08:12,N/A
41,"2020 Panini Select TUA TAGOVAILOA #45 RC Rookie Purple Die-Cut PSA 10 MWI15","2020 Panini Select TUA TAGOVAILOA 45 RC Rookie Purple Die-Cut MWI15",Basketball,2020,Panini,Select,Rookie,Raw,PSA 10,N/A,N/A,26,177315286844,https://i.ebayimg.com/images/g/WT4AAeSwKohokVGf/s-l225.jpg,Panini Select PSA 10,130point_test,2025-08-10 02:08:04,2025-08-10 02:08:04,N/A
40,"2024 TOPPS CHROME MCDONALD‚ÄôS ZACH RANDOLPH BLACK REFRACTOR AUTO /10 PSA 10","2024 TOPPS CHROME MCDONALDS ZACH RANDOLPH BLACK REFRACTOR AUTO 10",Baseball,2024,Topps,Chrome,Autograph,Raw,PSA 10,N/A,N/A,28,396917511933,https://i.ebayimg.com/images/g/KTcAAeSwklVogo1S/s-l225.jpg,Topps Chrome PSA 10,130point_test,2025-08-10 02:07:53,2025-08-10 02:07:53,N/A
39,"üíé 2020 Topps Chrome Sapphire Clayton Kershaw PSA 10 Gem üíé","2020 Topps Chrome Sapphire Clayton Kershaw",Baseball,2020,Topps,Chrome,Base,Raw,PSA 10,N/A,N/A,45,257001371899,https://i.ebayimg.com/images/g/DJwAAeSwNSRoZuR7/s-l225.jpg,Topps Chrome PSA 10,130point_test,2025-08-10 02:07:42,2025-08-10 02:07:42,N/A
38,"Julio Rodriguez 2022 Topps Chrome Platinum Anniv Blue Prism Refractor RC PSA 10","Julio Rodriguez 2022 Topps Chrome Platinum Anniv Blue Prism Refractor RC",Baseball,2022,Topps,Chrome,Rookie,Raw,PSA 10,N/A,N/A,100,306440863301,https://i.ebayimg.com/images/g/7IQAAeSwUCpoO0Y8/s-l225.jpg,Topps Chrome PSA 10,130point_test,2025-08-10 02:07:31,2025-08-10 02:07:31,N/A
37,"2001 Topps Chrome Traded: #T247 Albert Pujols PSA 10 GEM MINT","2001 Topps Chrome Traded T247 Albert Pujols",Baseball,2001,Topps,Chrome,Base,Raw,PSA 10,N/A,N/A,2400,326710888859,https://i.ebayimg.com/images/g/R-QAAeSwNSVoip6o/s-l225.jpg,Topps Chrome PSA 10,130point_test,2025-08-10 02:07:22,2025-08-10 02:07:22,N/A
36,"2020 TOPPS CHROME UPDATE #U67 DEREK JETER YANKEES HOF PSA 10","2020 TOPPS CHROME UPDATE U67 DEREK JETER HOF",Baseball,2020,Topps,Chrome,Base,Raw,PSA 10,N/A,N/A,22.5,388788144351,https://i.ebayimg.com/images/g/oWsAAeSwYE9ojoGU/s-l225.jpg,Topps Chrome PSA 10,130point_test,2025-08-10 02:07:10,2025-08-10 02:07:10,N/A
35,"2019 Panini Prizm DP Red #3 RJ Barrett RC Rookie Gem Mint PSA 10 NY Knicks !!","2019 Panini Prizm DP Red 3 RJ Barrett RC Rookie NY",Basketball,2019,Panini,Prizm,Rookie,Raw,PSA 10,N/A,N/A,5.56,336106227290,https://i.ebayimg.com/images/g/eIQAAOSwkHZfjjv5/s-l225.jpg,Panini Prizm PSA 10,130point_test,2025-08-10 02:06:53,2025-08-10 02:06:53,N/A
34,"2020 Panini Prizm - Rookie Jordan Love #363 Orange Disco Prizm (RC) PSA 10","2020 Panini Prizm - Rookie Jordan Love 363 Orange Disco Prizm RC",Basketball,2020,Panini,Prizm,Rookie,Raw,PSA 10,N/A,N/A,172.5,267349628144,https://i.ebayimg.com/images/g/TYQAAeSwwzxojA5x/s-l225.jpg,Panini Prizm PSA 10,130point_test,2025-08-10 02:06:40,2025-08-10 02:06:40,N/A
33,"2023-24 Panini Select Tyrese Maxey Cosmic Prizm #157 PSA 10 76ers SSP","2023-24 Panini Select Tyrese Maxey Cosmic Prizm 157 SSP",Basketball,2023,Panini,Select,Base,Raw,PSA 10,N/A,30.66,129.99,205588549872,https://i.ebayimg.com/images/g/8S4AAeSwRploYTGQ/s-l225.jpg,Panini Prizm PSA 10,130point_test,2025-08-10 02:06:30,2025-08-10 02:06:40,N/A
32,"2020 Panini Prizm Lazer: #307 Joe Burrow PSA 10 GEM MINT","2020 Panini Prizm Lazer 307 Joe Burrow",Basketball,2020,Panini,Prizm,Base,Raw,PSA 10,N/A,N/A,380.65,326710888888,https://i.ebayimg.com/images/g/5YQAAeSwKLBoip6p/s-l225.jpg,Panini Prizm PSA 10,130point_test,2025-08-10 02:06:24,2025-08-10 02:06:24,N/A
31,"2024 Panini Prizm Copa America #DS-CR Cafu Rivaldo Dual Pulsar Auto PSA 10","2024 Panini Prizm Copa America DS-CR Cafu Rivaldo Dual Pulsar Auto",Basketball,2024,Panini,Prizm,Autograph,Raw,PSA 10,N/A,N/A,280,256882394206,https://i.ebayimg.com/images/g/i78AAOSwy95n0bZc/s-l225.jpg,Panini Prizm PSA 10,130point_test,2025-08-10 02:06:14,2025-08-10 02:06:14,N/A
30,"2024 Panini Donruss Football JJ McCarthy Bomb Squad Insert RC #5 PSA 10","2024 Panini Donruss Football JJ McCarthy Bomb Squad Insert RC #5",Football,2024,Panini,Base,Rookie,Raw,PSA 10,N/A,N/A,42,406105096012,https://i.ebayimg.com/images/g/2vkAAeSwMHxodnDG/s-l225.jpg,PSA 10 football,130point_auto,2025-08-10 01:35:49,2025-08-10 01:35:49,N/A
29,"Patrick Mahomes II 2022 Obsidian Football Electric Etch Yellow 14/25 PSA 10","Patrick Mahomes II 2022 Obsidian Football Electric Etch Yellow 14/25",Football,2022,Unknown,Unknown,Base,Raw,PSA 10,N/A,N/A,179.5,146747676090,https://i.ebayimg.com/images/g/pq4AAOSwSrZkvyS2/s-l225.jpg,PSA 10 football,130point_auto,2025-08-10 01:35:38,2025-08-10 01:35:38,N/A
28,"2019 Panini Prizm #152 Giannis Antetokounmpo Basketball Card PSA 10 Gem Mint","2019 Panini Prizm #152 Giannis Antetokounmpo Basketball Card Gem Mint",Basketball,2019,Panini,Prizm,Base,Raw,PSA 10,N/A,N/A,25,297517884726,https://i.ebayimg.com/images/g/2YAAAOSwbnBnVe0x/s-l225.jpg,PSA 10 basketball,130point_auto,2025-08-10 01:35:21,2025-08-10 01:35:21,N/A
27,"1992 Topps #362 Shaquille O'Neal Rookie Orlando Magic Basketball Card PSA 10","1992 Topps #362 Shaquille O'Neal Rookie Orlando Magic Basketball Card",Basketball,1992,Topps,Base,Rookie,Raw,PSA 10,N/A,19.99,107.5,297517889338,https://i.ebayimg.com/images/g/PEYAAOSwSjFjrcQr/s-l225.jpg,PSA 10 basketball,130point_auto,2025-08-10 01:35:10,2025-08-10 01:35:21,N/A
26,"2019 Panini Hoops #204 Coby White Chicago Bulls Basketball Card PSA 10 Gem Mint","2019 Panini Hoops #204 Coby White Chicago Bulls Basketball Card Gem Mint",Basketball,2019,Panini,Base,Base,Raw,PSA 10,N/A,N/A,7.99,365777706686,https://i.ebayimg.com/images/g/A3YAAOSwAxhoUzs1/s-l225.jpg,PSA 10 basketball,130point_auto,2025-08-10 01:35:00,2025-08-10 01:35:00,N/A
25,"2019 Panini Donruss #94 Lebron James Los Angeles Lakers Basketball Card PSA 10","2019 Panini Donruss #94 Lebron James Los Angeles Lakers Basketball Card",Basketball,2019,Panini,Base,Base,Raw,PSA 10,N/A,N/A,30,365777706689,https://i.ebayimg.com/images/g/IAQAAOSw4v1oCWgE/s-l225.jpg,PSA 10 basketball,130point_auto,2025-08-10 01:34:53,2025-08-10 01:34:53,N/A
24,"LeBron James 2024 Topps Now #30 Olympic Games Team USA Men‚Äôs Basketball PSA 10","LeBron James 2024 Topps Now #30 Olympic Games Team USA Men‚Äôs Basketball",Basketball,2024,Topps,Base,Base,Raw,PSA 10,N/A,N/A,11.01,376451946374,https://i.ebayimg.com/images/g/2yEAAeSwErlojkMV/s-l225.jpg,PSA 10 basketball,130point_auto,2025-08-10 01:34:43,2025-08-10 01:34:43,N/A
23,"1991 UPPER DECK BASKETBALL CARD #44 HOF MICHAEL JORDAN PSA 10 NBA CHICAGO BULLS","1991 UPPER DECK BASKETBALL CARD #44 HOF MICHAEL JORDAN NBA CHICAGO BULLS",Basketball,1991,Unknown,Unknown,Base,Raw,PSA 10,N/A,N/A,113.08,224660867406,https://i.ebayimg.com/images/g/fBgAAOSwfHthdeEh/s-l225.jpg,PSA 10 basketball,130point_auto,2025-08-10 01:34:34,2025-08-10 01:34:34,N/A
22,"2024-25 Panini Prizm Basketball Mata Buzelis Ice Prizm #252 RC PSA 10 Bulls","2024-25 Panini Prizm Basketball Mata Buzelis Ice Prizm #252 RC Bulls",Basketball,2024,Panini,Prizm,Rookie,Raw,PSA 10,N/A,N/A,185,406096543269,https://i.ebayimg.com/images/g/jdgAAeSwsI9ojQvH/s-l225.jpg,PSA 10 basketball,130point_auto,2025-08-10 01:34:25,2025-08-10 01:34:25,N/A
21,"1995-96 FLAIR NBA BASKETBALL GRANT HILL #2 HOT NUMBERS PISTONS PSA 10 GEM MT","1995-96 FLAIR NBA BASKETBALL GRANT HILL #2 HOT NUMBERS PISTONS",Basketball,1995,Unknown,Unknown,Base,Raw,PSA 10,N/A,N/A,299.99,116724409899,https://i.ebayimg.com/images/g/PscAAeSwAw9olRIX/s-l225.jpg,PSA 10 basketball,130point_auto,2025-08-10 01:34:14,2025-08-10 01:34:14,N/A
20,"2023 CALEB WILLIAMS Bowman Chrome PSA 10","2023 CALEB WILLIAMS Bowman Chrome",Baseball,2023,Bowman,Chrome,Base,Raw,PSA 10,N/A,N/A,33,157215338640,https://i.ebayimg.com/images/g/ToAAAeSwpTFojp0U/s-l225.jpg,PSA 10,130point_auto,2025-08-10 01:34:00,2025-08-10 01:34:00,N/A
19,"2022 Bowman University Chrome Drew Allar /499 Refractor 1st Auto PSA 10 Penn St","2022 Bowman University Chrome Drew Allar /499 Refractor 1st Auto Penn St",Baseball,2022,Bowman,Base,Autograph,Raw,PSA 10,N/A,N/A,254,236247292237,https://i.ebayimg.com/images/g/wzMAAeSwwYBokWDM/s-l225.jpg,PSA 10,130point_auto,2025-08-10 01:33:47,2025-08-10 01:33:47,N/A
18,"Amon-Ra St. Brown Auto PSA 10/9 - 2022 Panini XR /49 Lions Pop. 1","Amon-Ra St. Brown Auto /9 - 2022 Panini XR /49 Lions Pop. 1",Unknown,2022,Panini,Base,Autograph,Raw,PSA 10,N/A,N/A,103.5,406099920140,https://i.ebayimg.com/images/g/c70AAeSw1z9oh-U0/s-l225.jpg,PSA 10,130point_auto,2025-08-10 01:33:36,2025-08-10 01:33:36,N/A
17,"JOHN CENA PSA 10: 2025 WWE Topps Now #46 -Wins Record Breaking 17th World Title","JOHN CENA : 2025 WWE Topps Now #46 -Wins Record Breaking 17th World Title",Unknown,2025,Topps,Base,Base,Raw,PSA 10,N/A,N/A,45,257056913025,https://i.ebayimg.com/images/g/6XsAAeSwCglollPA/s-l225.jpg,PSA 10,130point_auto,2025-08-10 01:33:23,2025-08-10 01:33:23,N/A
16,"2024 Panini Obsidian Vitreous Patrick Mahomes Case Hit !! PSA 10 GEM üíé CHIEFS","2024 Panini Obsidian Vitreous Patrick Mahomes Case Hit !! GEM üíé CHIEFS",Basketball,2024,Panini,Obsidian,Base,Raw,PSA 10,N/A,N/A,183.5,257047963032,https://i.ebayimg.com/images/g/MB8AAeSwVdJojp7f/s-l225.jpg,PSA 10,130point_auto,2025-08-10 01:33:16,2025-08-10 01:33:16,N/A
15,"JJ McCARTHY #HPJM PSA 10 RC HYPE 2024 PANINI PRIZM DRAFT PICKS MICHIGAN WOLVERIN","JJ McCARTHY #HPJM RC HYPE 2024 PANINI PRIZM DRAFT PICKS MICHIGAN WOLVERIN",Basketball,2024,Panini,Prizm,Rookie,Raw,PSA 10,N/A,N/A,28,157215342324,https://i.ebayimg.com/images/g/lYcAAeSwhrxojp7S/s-l225.jpg,PSA 10,130point_auto,2025-08-10 01:33:04,2025-08-10 01:33:04,N/A
14,"2017 Bowman Chrome Jo Adell PSA 10","2017 Bowman Chrome Jo Adell",Baseball,2017,Bowman,Chrome,Base,Raw,PSA 10,N/A,N/A,14.95,197599017027,https://i.ebayimg.com/images/g/nG0AAeSwi71olVTa/s-l225.jpg,PSA 10,130point_auto,2025-08-10 01:32:59,2025-08-10 01:32:59,N/A
13,"üìà 2023 Bowman Platinum Top Prospects Jackson Chourio #TOP-58 PSA 10 üíé","üìà 2023 Bowman Platinum Top Prospects Jackson Chourio #TOP-58 üíé",Unknown,2023,Bowman,Base,Base,Raw,PSA 10,N/A,N/A,9.99,267353952501,https://i.ebayimg.com/images/g/v0wAAeSwbjZoWchx/s-l225.jpg,PSA 10,130point_auto,2025-08-10 01:32:43,2025-08-10 01:32:43,N/A
12,"2024 Topps Heritage Shohei Ohtani PSA 10 Los Angeles Dodgers","2024 Topps Heritage Shohei Ohtani Los Angeles Dodgers",Baseball,2024,Topps,Heritage,Base,Raw,PSA 10,N/A,N/A,75,N/A,N/A,test_search,130point_auto,2025-08-10 01:27:27,2025-08-10 01:27:27,N/A
11,"2024 Panini National Treasures Victor Wembanyama Rookie PSA 10 San Antonio Spurs","2024 Panini National Treasures Victor Wembanyama Rookie San Antonio Spurs",Basketball,2024,Panini,National Treasures,Rookie,Raw,PSA 10,N/A,N/A,500,N/A,N/A,test_search,130point_auto,2025-08-10 01:27:27,2025-08-10 01:27:27,N/A
10,"2024 Panini Prizm Caleb Williams Rookie PSA 10 Chicago Bears","2024 Panini Prizm Caleb Williams Rookie Chicago Bears",Football,2024,Panini,Prizm,Rookie,Raw,PSA 10,N/A,N/A,200,N/A,N/A,test_search,130point_auto,2025-08-10 01:27:27,2025-08-10 01:27:27,N/A
9,"2024 Topps Chrome Paul Skenes Rookie PSA 10 Pittsburgh Pirates","2024 Topps Chrome Paul Skenes Rookie Pittsburgh Pirates",Baseball,2024,Topps,Chrome,Rookie,Raw,PSA 10,N/A,N/A,150,N/A,N/A,test_search,130point_auto,2025-08-10 01:27:27,2025-08-10 01:27:27,N/A
8,"2024 Topps Heritage Shohei Ohtani PSA 10 Los Angeles Dodgers","2024 Topps Heritage Shohei Ohtani Los Angeles Dodgers",Baseball,2024,Topps,Heritage,Base,Raw,PSA 10,N/A,N/A,75,N/A,N/A,test_search,130point_auto,2025-08-10 01:26:09,2025-08-10 01:26:09,N/A
7,"2024 Panini National Treasures Victor Wembanyama Rookie PSA 10 San Antonio Spurs","2024 Panini National Treasures Victor Wembanyama Rookie San Antonio Spurs",Basketball,2024,Panini,National Treasures,Rookie,Raw,PSA 10,N/A,N/A,500,N/A,N/A,test_search,130point_auto,2025-08-10 01:26:09,2025-08-10 01:26:09,N/A
6,"2024 Panini Prizm Caleb Williams Rookie PSA 10 Chicago Bears","2024 Panini Prizm Caleb Williams Rookie Chicago Bears",Basketball,2024,Panini,Prizm,Rookie,Raw,PSA 10,N/A,N/A,200,N/A,N/A,test_search,130point_auto,2025-08-10 01:26:09,2025-08-10 01:26:09,N/A
5,"2024 Topps Chrome Paul Skenes Rookie PSA 10 Pittsburgh Pirates","2024 Topps Chrome Paul Skenes Rookie Pittsburgh Pirates",Baseball,2024,Topps,Chrome,Rookie,Raw,PSA 10,N/A,N/A,150,N/A,N/A,test_search,130point_auto,2025-08-10 01:26:09,2025-08-10 01:26:09,N/A
4,"2024 Topps Heritage Shohei Ohtani PSA 10 Los Angeles Dodgers","2024 Topps Heritage Shohei Ohtani Los Angeles Dodgers",Baseball,2024,Topps,Heritage,Base,Raw,PSA 10,N/A,N/A,75,N/A,N/A,test_search,130point_auto,2025-08-10 01:25:43,2025-08-10 01:25:43,N/A
3,"2024 Panini National Treasures Victor Wembanyama Rookie PSA 10 San Antonio Spurs","2024 Panini National Treasures Victor Wembanyama Rookie San Antonio Spurs",Basketball,2024,Panini,National Treasures,Rookie,Raw,PSA 10,N/A,N/A,500,N/A,N/A,test_search,130point_auto,2025-08-10 01:25:43,2025-08-10 01:25:43,N/A
2,"2024 Panini Prizm Caleb Williams Rookie PSA 10 Chicago Bears","2024 Panini Prizm Caleb Williams Rookie Chicago Bears",Basketball,2024,Panini,Prizm,Rookie,Raw,PSA 10,N/A,N/A,200,N/A,N/A,test_search,130point_auto,2025-08-10 01:25:43,2025-08-10 01:25:43,N/A
1,"2024 Topps Chrome Paul Skenes Rookie PSA 10 Pittsburgh Pirates","2024 Topps Chrome Paul Skenes Rookie Pittsburgh Pirates",Baseball,2024,Topps,Chrome,Rookie,Raw,PSA 10,N/A,N/A,150,N/A,N/A,test_search,130point_auto,2025-08-10 01:25:43,2025-08-10 01:25:43,N/A