Sport,Year,YearID,SetID,SetName,SetCount
Baseball,1866,344397,,,0
Baseball,1868,205692,,,0
Baseball,1869,195177,,,0
Baseball,1870,281520,,,0
Baseball,1871,239182,,,0
Baseball,1878,222911,,,0
Baseball,1880,220128,,,0
Baseball,1882,254109,,,0
Baseball,1886,219167,,,0
Baseball,1887,119695,,,0
Baseball,1888,162726,,,0
Baseball,1889,249991,,,0
Baseball,1890,156171,,,0
Baseball,1891,741185,,,0
Baseball,1892,784931,,,0
Baseball,1893,336728,,,0
Baseball,1894,211989,,,0
Baseball,1895,393905,,,0
Baseball,1896,749768,,,0
Baseball,1897,344825,,,0
Baseball,1898,947906,,,0
Baseball,1899,344051,,,0
Baseball,1900,211631,,,0
Baseball,1901,220830,,,0
Baseball,1902,267143,,,0
Baseball,1903,727547,,,0
Baseball,1904,242663,,,0
Baseball,1905,141024,,,0
Baseball,1906,220700,,,0
Baseball,1907,206728,,,0
Baseball,1908,120655,,,0
Baseball,1909,115204,,,0
Baseball,1910,114137,,,0
Baseball,1911,2181,,,0
Baseball,1912,2207,,,0
Baseball,1913,118380,,,0
Baseball,1914,130528,,,0
Baseball,1915,143455,,,0
Baseball,1916,115475,,,0
Baseball,1917,264357,,,0
Baseball,1918,763059,,,0
Baseball,1919,127326,,,0
Baseball,1920,118395,,,0
Baseball,1921,118389,,,0
Baseball,1922,129355,,,0
Baseball,1923,118390,,,0
Baseball,1924,126261,,,0
Baseball,1925,220665,,,0
Baseball,1926,202221,,,0
Baseball,1927,118399,,,0
Baseball,1928,162581,,,0
Baseball,1929,118316,,,0
Baseball,1930,172609,,,0
Baseball,1931,130626,,,0
Baseball,1932,123228,,,0
Baseball,1933,2195,,,0
Baseball,1934,2190,,,0
Baseball,1935,116443,,,0
Baseball,1936,118229,,,0
Baseball,1937,126802,,,0
Baseball,1938,123473,,,0
Baseball,1939,2192,,,0
Baseball,1940,2188,,,0
Baseball,1941,114721,,,0
Baseball,1942,419478,,,0
Baseball,1943,164761,,,0
Baseball,1944,146201,,,0
Baseball,1945,127367,,,0
Baseball,1946,246524,,,0
Baseball,1947,121443,,,0
Baseball,1948,2202,,,0
Baseball,1949,2206,,,0
Baseball,1950,2205,,,0
Baseball,1951,2203,,,0
Baseball,1952,1040,116161,Topps 1952 Edition,1
Baseball,1953,1079,,,0
Baseball,1954,1071,129849,Topps Archives 1954,1
Baseball,1955,1072,,,0
Baseball,1956,1103,,,0
Baseball,1957,1041,,,0
Baseball,1958,2127,,,0
Baseball,1959,1047,,,0
Baseball,1960,1077,,,0
Baseball,1961,1076,,,0
Baseball,1962,963,,,0
Baseball,1963,967,,,0
Baseball,1964,2218,,,0
Baseball,1965,2223,,,0
Baseball,1966,969,,,0
Baseball,1967,968,,,0
Baseball,1968,970,,,0
Baseball,1969,974,,,0
Baseball,1970,947,,,0
Baseball,1971,945,,,0
Baseball,1972,1968,,,0
Baseball,1973,941,,,0
Baseball,1974,937,,,0
Baseball,1975,2153,,,0
Baseball,1976,931,,,0
Baseball,1977,923,,,0
Baseball,1978,2256,,,0
Baseball,1979,2121,,,0
Baseball,1980,918,,,0
Baseball,1981,908,,,0
Baseball,1982,902,,,0
Baseball,1983,885,,,0
Baseball,1984,874,,,0
Baseball,1985,867,,,0
Baseball,1986,862,,,0
Baseball,1987,839,,,0
Baseball,1988,826,,,0
Baseball,1989,801,,,0
Baseball,1990,774,,,0
Baseball,1991,745,,,0
Baseball,1992,722,,,0
Baseball,1993,703,,,0
Baseball,1994,675,,,0
Baseball,1995,661,,,0
Baseball,1996,655,,,0
Baseball,1997,650,,,0
Baseball,1998,647,,,0
Baseball,1999,1853,,,0
Baseball,2000,622,,,0
Baseball,2001,624,,,0
Baseball,2002,610,,,0
Baseball,2003,605,,,0
Baseball,2004,602,,,0
Baseball,2005,579,,,0
Baseball,2006,572,,,0
Baseball,2007,567,,,0
Baseball,2008,559,,,0
Baseball,2009,552,,,0
Baseball,2010,547,,,0
Baseball,2011,536,,,0
Baseball,2012,521,,,0
Baseball,2013,490,,,0
Baseball,2014,475,,,0
Baseball,2015,459,,,0
Baseball,2016,436,,,0
Baseball,2017,384,,,0
Baseball,2018,263,,,0
Baseball,2019,131,,,0
Baseball,2020,13,generated_Baseball_2020_Series One,Series One,20
Baseball,2020,13,generated_Baseball_2020_Series Two,Series Two,20
Baseball,2020,13,generated_Baseball_2020_Update,Update,20
Baseball,2020,13,generated_Baseball_2020_Chrome,Chrome,20
Baseball,2020,13,generated_Baseball_2020_Chrome Update,Chrome Update,20
Baseball,2020,13,generated_Baseball_2020_Heritage,Heritage,20
Baseball,2020,13,generated_Baseball_2020_Archives,Archives,20
Baseball,2020,13,generated_Baseball_2020_Gypsy Queen,Gypsy Queen,20
Baseball,2020,13,generated_Baseball_2020_Allen & Ginter,Allen & Ginter,20
Baseball,2020,13,generated_Baseball_2020_Stadium Club,Stadium Club,20
Baseball,2020,13,generated_Baseball_2020_Bowman,Bowman,20
Baseball,2020,13,generated_Baseball_2020_Bowman Chrome,Bowman Chrome,20
Baseball,2020,13,generated_Baseball_2020_Bowman Draft,Bowman Draft,20
Baseball,2020,13,generated_Baseball_2020_Topps Finest,Topps Finest,20
Baseball,2020,13,generated_Baseball_2020_Topps Tribute,Topps Tribute,20
Baseball,2020,13,generated_Baseball_2020_Topps Triple Threads,Topps Triple Threads,20
Baseball,2020,13,generated_Baseball_2020_Topps Tier One,Topps Tier One,20
Baseball,2020,13,generated_Baseball_2020_Topps Transcendent,Topps Transcendent,20
Baseball,2020,13,generated_Baseball_2020_Topps Dynasty,Topps Dynasty,20
Baseball,2020,13,generated_Baseball_2020_Topps Museum Collection,Topps Museum Collection,20
Baseball,2021,119141,generated_Baseball_2021_Series One,Series One,20
Baseball,2021,119141,generated_Baseball_2021_Series Two,Series Two,20
Baseball,2021,119141,generated_Baseball_2021_Update,Update,20
Baseball,2021,119141,generated_Baseball_2021_Chrome,Chrome,20
Baseball,2021,119141,generated_Baseball_2021_Chrome Update,Chrome Update,20
Baseball,2021,119141,generated_Baseball_2021_Heritage,Heritage,20
Baseball,2021,119141,generated_Baseball_2021_Archives,Archives,20
Baseball,2021,119141,generated_Baseball_2021_Gypsy Queen,Gypsy Queen,20
Baseball,2021,119141,generated_Baseball_2021_Allen & Ginter,Allen & Ginter,20
Baseball,2021,119141,generated_Baseball_2021_Stadium Club,Stadium Club,20
Baseball,2021,119141,generated_Baseball_2021_Bowman,Bowman,20
Baseball,2021,119141,generated_Baseball_2021_Bowman Chrome,Bowman Chrome,20
Baseball,2021,119141,generated_Baseball_2021_Bowman Draft,Bowman Draft,20
Baseball,2021,119141,generated_Baseball_2021_Topps Finest,Topps Finest,20
Baseball,2021,119141,generated_Baseball_2021_Topps Tribute,Topps Tribute,20
Baseball,2021,119141,generated_Baseball_2021_Topps Triple Threads,Topps Triple Threads,20
Baseball,2021,119141,generated_Baseball_2021_Topps Tier One,Topps Tier One,20
Baseball,2021,119141,generated_Baseball_2021_Topps Transcendent,Topps Transcendent,20
Baseball,2021,119141,generated_Baseball_2021_Topps Dynasty,Topps Dynasty,20
Baseball,2021,119141,generated_Baseball_2021_Topps Museum Collection,Topps Museum Collection,20
Baseball,2022,196231,generated_Baseball_2022_Series One,Series One,20
Baseball,2022,196231,generated_Baseball_2022_Series Two,Series Two,20
Baseball,2022,196231,generated_Baseball_2022_Update,Update,20
Baseball,2022,196231,generated_Baseball_2022_Chrome,Chrome,20
Baseball,2022,196231,generated_Baseball_2022_Chrome Update,Chrome Update,20
Baseball,2022,196231,generated_Baseball_2022_Heritage,Heritage,20
Baseball,2022,196231,generated_Baseball_2022_Archives,Archives,20
Baseball,2022,196231,generated_Baseball_2022_Gypsy Queen,Gypsy Queen,20
Baseball,2022,196231,generated_Baseball_2022_Allen & Ginter,Allen & Ginter,20
Baseball,2022,196231,generated_Baseball_2022_Stadium Club,Stadium Club,20
Baseball,2022,196231,generated_Baseball_2022_Bowman,Bowman,20
Baseball,2022,196231,generated_Baseball_2022_Bowman Chrome,Bowman Chrome,20
Baseball,2022,196231,generated_Baseball_2022_Bowman Draft,Bowman Draft,20
Baseball,2022,196231,generated_Baseball_2022_Topps Finest,Topps Finest,20
Baseball,2022,196231,generated_Baseball_2022_Topps Tribute,Topps Tribute,20
Baseball,2022,196231,generated_Baseball_2022_Topps Triple Threads,Topps Triple Threads,20
Baseball,2022,196231,generated_Baseball_2022_Topps Tier One,Topps Tier One,20
Baseball,2022,196231,generated_Baseball_2022_Topps Transcendent,Topps Transcendent,20
Baseball,2022,196231,generated_Baseball_2022_Topps Dynasty,Topps Dynasty,20
Baseball,2022,196231,generated_Baseball_2022_Topps Museum Collection,Topps Museum Collection,20
Baseball,2023,5,generated_Baseball_2023_Series One,Series One,20
Baseball,2023,5,generated_Baseball_2023_Series Two,Series Two,20
Baseball,2023,5,generated_Baseball_2023_Update,Update,20
Baseball,2023,5,generated_Baseball_2023_Chrome,Chrome,20
Baseball,2023,5,generated_Baseball_2023_Chrome Update,Chrome Update,20
Baseball,2023,5,generated_Baseball_2023_Heritage,Heritage,20
Baseball,2023,5,generated_Baseball_2023_Archives,Archives,20
Baseball,2023,5,generated_Baseball_2023_Gypsy Queen,Gypsy Queen,20
Baseball,2023,5,generated_Baseball_2023_Allen & Ginter,Allen & Ginter,20
Baseball,2023,5,generated_Baseball_2023_Stadium Club,Stadium Club,20
Baseball,2023,5,generated_Baseball_2023_Bowman,Bowman,20
Baseball,2023,5,generated_Baseball_2023_Bowman Chrome,Bowman Chrome,20
Baseball,2023,5,generated_Baseball_2023_Bowman Draft,Bowman Draft,20
Baseball,2023,5,generated_Baseball_2023_Topps Finest,Topps Finest,20
Baseball,2023,5,generated_Baseball_2023_Topps Tribute,Topps Tribute,20
Baseball,2023,5,generated_Baseball_2023_Topps Triple Threads,Topps Triple Threads,20
Baseball,2023,5,generated_Baseball_2023_Topps Tier One,Topps Tier One,20
Baseball,2023,5,generated_Baseball_2023_Topps Transcendent,Topps Transcendent,20
Baseball,2023,5,generated_Baseball_2023_Topps Dynasty,Topps Dynasty,20
Baseball,2023,5,generated_Baseball_2023_Topps Museum Collection,Topps Museum Collection,20
Baseball,2024,348057,generated_Baseball_2024_Series One,Series One,23
Baseball,2024,348057,generated_Baseball_2024_Series Two,Series Two,23
Baseball,2024,348057,generated_Baseball_2024_Update,Update,23
Baseball,2024,348057,generated_Baseball_2024_Chrome,Chrome,23
Baseball,2024,348057,generated_Baseball_2024_Chrome Update,Chrome Update,23
Baseball,2024,348057,generated_Baseball_2024_Heritage,Heritage,23
Baseball,2024,348057,generated_Baseball_2024_Archives,Archives,23
Baseball,2024,348057,generated_Baseball_2024_Gypsy Queen,Gypsy Queen,23
Baseball,2024,348057,generated_Baseball_2024_Allen & Ginter,Allen & Ginter,23
Baseball,2024,348057,generated_Baseball_2024_Stadium Club,Stadium Club,23
Baseball,2024,348057,generated_Baseball_2024_Bowman,Bowman,23
Baseball,2024,348057,generated_Baseball_2024_Bowman Chrome,Bowman Chrome,23
Baseball,2024,348057,generated_Baseball_2024_Bowman Draft,Bowman Draft,23
Baseball,2024,348057,generated_Baseball_2024_Topps Finest,Topps Finest,23
Baseball,2024,348057,generated_Baseball_2024_Topps Tribute,Topps Tribute,23
Baseball,2024,348057,generated_Baseball_2024_Topps Triple Threads,Topps Triple Threads,23
Baseball,2024,348057,generated_Baseball_2024_Topps Tier One,Topps Tier One,23
Baseball,2024,348057,generated_Baseball_2024_Topps Transcendent,Topps Transcendent,23
Baseball,2024,348057,generated_Baseball_2024_Topps Dynasty,Topps Dynasty,23
Baseball,2024,348057,generated_Baseball_2024_Topps Museum Collection,Topps Museum Collection,23
Baseball,2024,348057,inline_2,Chrome,23
Baseball,2024,348057,inline_6,Update,23
Baseball,2024,348057,inline_7,Chrome Update,23
Baseball,2025,3914795,generated_Baseball_2025_Series One,Series One,21
Baseball,2025,3914795,generated_Baseball_2025_Series Two,Series Two,21
Baseball,2025,3914795,generated_Baseball_2025_Update,Update,21
Baseball,2025,3914795,generated_Baseball_2025_Chrome,Chrome,21
Baseball,2025,3914795,generated_Baseball_2025_Chrome Update,Chrome Update,21
Baseball,2025,3914795,generated_Baseball_2025_Heritage,Heritage,21
Baseball,2025,3914795,generated_Baseball_2025_Archives,Archives,21
Baseball,2025,3914795,generated_Baseball_2025_Gypsy Queen,Gypsy Queen,21
Baseball,2025,3914795,generated_Baseball_2025_Allen & Ginter,Allen & Ginter,21
Baseball,2025,3914795,generated_Baseball_2025_Stadium Club,Stadium Club,21
Baseball,2025,3914795,generated_Baseball_2025_Bowman,Bowman,21
Baseball,2025,3914795,generated_Baseball_2025_Bowman Chrome,Bowman Chrome,21
Baseball,2025,3914795,generated_Baseball_2025_Bowman Draft,Bowman Draft,21
Baseball,2025,3914795,generated_Baseball_2025_Topps Finest,Topps Finest,21
Baseball,2025,3914795,generated_Baseball_2025_Topps Tribute,Topps Tribute,21
Baseball,2025,3914795,generated_Baseball_2025_Topps Triple Threads,Topps Triple Threads,21
Baseball,2025,3914795,generated_Baseball_2025_Topps Tier One,Topps Tier One,21
Baseball,2025,3914795,generated_Baseball_2025_Topps Transcendent,Topps Transcendent,21
Baseball,2025,3914795,generated_Baseball_2025_Topps Dynasty,Topps Dynasty,21
Baseball,2025,3914795,generated_Baseball_2025_Topps Museum Collection,Topps Museum Collection,21
Baseball,2025,3914795,inline_1,Series One,21
Baseball,202425,3935769,,,0
Basketball,1866,344397,,,0
Basketball,1868,205692,,,0
Basketball,1869,195177,,,0
Basketball,1870,281520,,,0
Basketball,1871,239182,,,0
Basketball,1878,222911,,,0
Basketball,1880,220128,,,0
Basketball,1882,254109,,,0
Basketball,1886,219167,,,0
Basketball,1887,119695,,,0
Basketball,1888,162726,,,0
Basketball,1889,249991,,,0
Basketball,1890,156171,,,0
Basketball,1891,741185,,,0
Basketball,1892,784931,,,0
Basketball,1893,336728,,,0
Basketball,1894,211989,,,0
Basketball,1895,393905,,,0
Basketball,1896,749768,,,0
Basketball,1897,344825,,,0
Basketball,1898,947906,,,0
Basketball,1899,344051,,,0
Basketball,1900,211631,,,0
Basketball,1901,220830,,,0
Basketball,1902,267143,,,0
Basketball,1903,727547,,,0
Basketball,1904,242663,,,0
Basketball,1905,141024,,,0
Basketball,1906,220700,,,0
Basketball,1907,206728,,,0
Basketball,1908,120655,,,0
Basketball,1909,115204,,,0
Basketball,1910,114137,,,0
Basketball,1911,2181,,,0
Basketball,1912,2207,,,0
Basketball,1913,118380,,,0
Basketball,1914,130528,,,0
Basketball,1915,143455,,,0
Basketball,1916,115475,,,0
Basketball,1917,264357,,,0
Basketball,1918,763059,,,0
Basketball,1919,127326,,,0
Basketball,1920,118395,,,0
Basketball,1921,118389,,,0
Basketball,1922,129355,,,0
Basketball,1923,118390,,,0
Basketball,1924,126261,,,0
Basketball,1925,220665,,,0
Basketball,1926,202221,,,0
Basketball,1927,118399,,,0
Basketball,1928,162581,,,0
Basketball,1929,118316,,,0
Basketball,1930,172609,,,0
Basketball,1931,130626,,,0
Basketball,1932,123228,,,0
Basketball,1933,2195,,,0
Basketball,1934,2190,,,0
Basketball,1935,116443,,,0
Basketball,1936,118229,,,0
Basketball,1937,126802,,,0
Basketball,1938,123473,,,0
Basketball,1939,2192,,,0
Basketball,1940,2188,,,0
Basketball,1941,114721,,,0
Basketball,1942,419478,,,0
Basketball,1943,164761,,,0
Basketball,1944,146201,,,0
Basketball,1945,127367,,,0
Basketball,1946,246524,,,0
Basketball,1947,121443,,,0
Basketball,1948,2202,,,0
Basketball,1949,2206,,,0
Basketball,1950,2205,,,0
Basketball,1951,2203,,,0
Basketball,1952,1040,,,0
Basketball,1953,1079,,,0
Basketball,1954,1071,,,0
Basketball,1955,1072,,,0
Basketball,1956,1103,,,0
Basketball,1957,1041,,,0
Basketball,1958,2127,,,0
Basketball,1959,1047,,,0
Basketball,1960,1077,,,0
Basketball,1961,1076,,,0
Basketball,1962,963,,,0
Basketball,1963,967,,,0
Basketball,1964,2218,,,0
Basketball,1965,2223,,,0
Basketball,1966,969,,,0
Basketball,1967,968,,,0
Basketball,1968,970,,,0
Basketball,1969,974,,,0
Basketball,1970,947,,,0
Basketball,1971,945,,,0
Basketball,1972,1968,,,0
Basketball,1973,941,,,0
Basketball,1974,937,,,0
Basketball,1975,2153,,,0
Basketball,1976,931,,,0
Basketball,1977,923,,,0
Basketball,1978,2256,,,0
Basketball,1979,2121,,,0
Basketball,1980,918,,,0
Basketball,1981,908,,,0
Basketball,1982,902,,,0
Basketball,1983,885,,,0
Basketball,1984,874,,,0
Basketball,1985,867,,,0
Basketball,1986,862,,,0
Basketball,1987,839,,,0
Basketball,1988,826,,,0
Basketball,1989,801,,,0
Basketball,1990,774,,,0
Basketball,1991,745,,,0
Basketball,1992,722,,,0
Basketball,1993,703,,,0
Basketball,1994,675,,,0
Basketball,1995,661,,,0
Basketball,1996,655,,,0
Basketball,1997,650,,,0
Basketball,1998,647,,,0
Basketball,1999,1853,,,0
Basketball,2000,622,,,0
Basketball,2001,624,,,0
Basketball,2002,610,,,0
Basketball,2003,605,,,0
Basketball,2004,602,,,0
Basketball,2005,579,,,0
Basketball,2006,572,,,0
Basketball,2007,567,,,0
Basketball,2008,559,,,0
Basketball,2009,552,,,0
Basketball,2010,547,,,0
Basketball,2011,536,,,0
Basketball,2012,521,,,0
Basketball,2013,490,,,0
Basketball,2014,475,,,0
Basketball,2015,459,,,0
Basketball,2016,436,,,0
Basketball,2017,384,,,0
Basketball,2018,263,,,0
Basketball,2019,131,,,0
Basketball,2020,13,generated_Basketball_2020_Prizm,Prizm,20
Basketball,2020,13,generated_Basketball_2020_Mosaic,Mosaic,20
Basketball,2020,13,generated_Basketball_2020_Select,Select,20
Basketball,2020,13,generated_Basketball_2020_Optic,Optic,20
Basketball,2020,13,generated_Basketball_2020_Donruss,Donruss,20
Basketball,2020,13,generated_Basketball_2020_Hoops,Hoops,20
Basketball,2020,13,generated_Basketball_2020_Chronicles,Chronicles,20
Basketball,2020,13,generated_Basketball_2020_Contenders,Contenders,20
Basketball,2020,13,generated_Basketball_2020_Immaculate,Immaculate,20
Basketball,2020,13,generated_Basketball_2020_National Treasures,National Treasures,20
Basketball,2020,13,generated_Basketball_2020_Flawless,Flawless,20
Basketball,2020,13,generated_Basketball_2020_Panini One,Panini One,20
Basketball,2020,13,generated_Basketball_2020_Crown Royale,Crown Royale,20
Basketball,2020,13,generated_Basketball_2020_Threads,Threads,20
Basketball,2020,13,generated_Basketball_2020_Prestige,Prestige,20
Basketball,2020,13,generated_Basketball_2020_Elite,Elite,20
Basketball,2020,13,generated_Basketball_2020_Spectra,Spectra,20
Basketball,2020,13,generated_Basketball_2020_Revolutions,Revolutions,20
Basketball,2020,13,generated_Basketball_2020_Phoenix,Phoenix,20
Basketball,2020,13,generated_Basketball_2020_Obsidian,Obsidian,20
Basketball,2021,119141,generated_Basketball_2021_Prizm,Prizm,20
Basketball,2021,119141,generated_Basketball_2021_Mosaic,Mosaic,20
Basketball,2021,119141,generated_Basketball_2021_Select,Select,20
Basketball,2021,119141,generated_Basketball_2021_Optic,Optic,20
Basketball,2021,119141,generated_Basketball_2021_Donruss,Donruss,20
Basketball,2021,119141,generated_Basketball_2021_Hoops,Hoops,20
Basketball,2021,119141,generated_Basketball_2021_Chronicles,Chronicles,20
Basketball,2021,119141,generated_Basketball_2021_Contenders,Contenders,20
Basketball,2021,119141,generated_Basketball_2021_Immaculate,Immaculate,20
Basketball,2021,119141,generated_Basketball_2021_National Treasures,National Treasures,20
Basketball,2021,119141,generated_Basketball_2021_Flawless,Flawless,20
Basketball,2021,119141,generated_Basketball_2021_Panini One,Panini One,20
Basketball,2021,119141,generated_Basketball_2021_Crown Royale,Crown Royale,20
Basketball,2021,119141,generated_Basketball_2021_Threads,Threads,20
Basketball,2021,119141,generated_Basketball_2021_Prestige,Prestige,20
Basketball,2021,119141,generated_Basketball_2021_Elite,Elite,20
Basketball,2021,119141,generated_Basketball_2021_Spectra,Spectra,20
Basketball,2021,119141,generated_Basketball_2021_Revolutions,Revolutions,20
Basketball,2021,119141,generated_Basketball_2021_Phoenix,Phoenix,20
Basketball,2021,119141,generated_Basketball_2021_Obsidian,Obsidian,20
Basketball,2022,196231,generated_Basketball_2022_Prizm,Prizm,20
Basketball,2022,196231,generated_Basketball_2022_Mosaic,Mosaic,20
Basketball,2022,196231,generated_Basketball_2022_Select,Select,20
Basketball,2022,196231,generated_Basketball_2022_Optic,Optic,20
Basketball,2022,196231,generated_Basketball_2022_Donruss,Donruss,20
Basketball,2022,196231,generated_Basketball_2022_Hoops,Hoops,20
Basketball,2022,196231,generated_Basketball_2022_Chronicles,Chronicles,20
Basketball,2022,196231,generated_Basketball_2022_Contenders,Contenders,20
Basketball,2022,196231,generated_Basketball_2022_Immaculate,Immaculate,20
Basketball,2022,196231,generated_Basketball_2022_National Treasures,National Treasures,20
Basketball,2022,196231,generated_Basketball_2022_Flawless,Flawless,20
Basketball,2022,196231,generated_Basketball_2022_Panini One,Panini One,20
Basketball,2022,196231,generated_Basketball_2022_Crown Royale,Crown Royale,20
Basketball,2022,196231,generated_Basketball_2022_Threads,Threads,20
Basketball,2022,196231,generated_Basketball_2022_Prestige,Prestige,20
Basketball,2022,196231,generated_Basketball_2022_Elite,Elite,20
Basketball,2022,196231,generated_Basketball_2022_Spectra,Spectra,20
Basketball,2022,196231,generated_Basketball_2022_Revolutions,Revolutions,20
Basketball,2022,196231,generated_Basketball_2022_Phoenix,Phoenix,20
Basketball,2022,196231,generated_Basketball_2022_Obsidian,Obsidian,20
Basketball,2023,5,generated_Basketball_2023_Prizm,Prizm,20
Basketball,2023,5,generated_Basketball_2023_Mosaic,Mosaic,20
Basketball,2023,5,generated_Basketball_2023_Select,Select,20
Basketball,2023,5,generated_Basketball_2023_Optic,Optic,20
Basketball,2023,5,generated_Basketball_2023_Donruss,Donruss,20
Basketball,2023,5,generated_Basketball_2023_Hoops,Hoops,20
Basketball,2023,5,generated_Basketball_2023_Chronicles,Chronicles,20
Basketball,2023,5,generated_Basketball_2023_Contenders,Contenders,20
Basketball,2023,5,generated_Basketball_2023_Immaculate,Immaculate,20
Basketball,2023,5,generated_Basketball_2023_National Treasures,National Treasures,20
Basketball,2023,5,generated_Basketball_2023_Flawless,Flawless,20
Basketball,2023,5,generated_Basketball_2023_Panini One,Panini One,20
Basketball,2023,5,generated_Basketball_2023_Crown Royale,Crown Royale,20
Basketball,2023,5,generated_Basketball_2023_Threads,Threads,20
Basketball,2023,5,generated_Basketball_2023_Prestige,Prestige,20
Basketball,2023,5,generated_Basketball_2023_Elite,Elite,20
Basketball,2023,5,generated_Basketball_2023_Spectra,Spectra,20
Basketball,2023,5,generated_Basketball_2023_Revolutions,Revolutions,20
Basketball,2023,5,generated_Basketball_2023_Phoenix,Phoenix,20
Basketball,2023,5,generated_Basketball_2023_Obsidian,Obsidian,20
Basketball,2024,348057,generated_Basketball_2024_Prizm,Prizm,20
Basketball,2024,348057,generated_Basketball_2024_Mosaic,Mosaic,20
Basketball,2024,348057,generated_Basketball_2024_Select,Select,20
Basketball,2024,348057,generated_Basketball_2024_Optic,Optic,20
Basketball,2024,348057,generated_Basketball_2024_Donruss,Donruss,20
Basketball,2024,348057,generated_Basketball_2024_Hoops,Hoops,20
Basketball,2024,348057,generated_Basketball_2024_Chronicles,Chronicles,20
Basketball,2024,348057,generated_Basketball_2024_Contenders,Contenders,20
Basketball,2024,348057,generated_Basketball_2024_Immaculate,Immaculate,20
Basketball,2024,348057,generated_Basketball_2024_National Treasures,National Treasures,20
Basketball,2024,348057,generated_Basketball_2024_Flawless,Flawless,20
Basketball,2024,348057,generated_Basketball_2024_Panini One,Panini One,20
Basketball,2024,348057,generated_Basketball_2024_Crown Royale,Crown Royale,20
Basketball,2024,348057,generated_Basketball_2024_Threads,Threads,20
Basketball,2024,348057,generated_Basketball_2024_Prestige,Prestige,20
Basketball,2024,348057,generated_Basketball_2024_Elite,Elite,20
Basketball,2024,348057,generated_Basketball_2024_Spectra,Spectra,20
Basketball,2024,348057,generated_Basketball_2024_Revolutions,Revolutions,20
Basketball,2024,348057,generated_Basketball_2024_Phoenix,Phoenix,20
Basketball,2024,348057,generated_Basketball_2024_Obsidian,Obsidian,20
Basketball,2025,3914795,generated_Basketball_2025_Prizm,Prizm,20
Basketball,2025,3914795,generated_Basketball_2025_Mosaic,Mosaic,20
Basketball,2025,3914795,generated_Basketball_2025_Select,Select,20
Basketball,2025,3914795,generated_Basketball_2025_Optic,Optic,20
Basketball,2025,3914795,generated_Basketball_2025_Donruss,Donruss,20
Basketball,2025,3914795,generated_Basketball_2025_Hoops,Hoops,20
Basketball,2025,3914795,generated_Basketball_2025_Chronicles,Chronicles,20
Basketball,2025,3914795,generated_Basketball_2025_Contenders,Contenders,20
Basketball,2025,3914795,generated_Basketball_2025_Immaculate,Immaculate,20
Basketball,2025,3914795,generated_Basketball_2025_National Treasures,National Treasures,20
Basketball,2025,3914795,generated_Basketball_2025_Flawless,Flawless,20
Basketball,2025,3914795,generated_Basketball_2025_Panini One,Panini One,20
Basketball,2025,3914795,generated_Basketball_2025_Crown Royale,Crown Royale,20
Basketball,2025,3914795,generated_Basketball_2025_Threads,Threads,20
Basketball,2025,3914795,generated_Basketball_2025_Prestige,Prestige,20
Basketball,2025,3914795,generated_Basketball_2025_Elite,Elite,20
Basketball,2025,3914795,generated_Basketball_2025_Spectra,Spectra,20
Basketball,2025,3914795,generated_Basketball_2025_Revolutions,Revolutions,20
Basketball,2025,3914795,generated_Basketball_2025_Phoenix,Phoenix,20
Basketball,2025,3914795,generated_Basketball_2025_Obsidian,Obsidian,20
Basketball,202425,3935769,,,0
Football,1866,344397,,,0
Football,1868,205692,,,0
Football,1869,195177,,,0
Football,1870,281520,,,0
Football,1871,239182,,,0
Football,1878,222911,,,0
Football,1880,220128,,,0
Football,1882,254109,,,0
Football,1886,219167,,,0
Football,1887,119695,,,0
Football,1888,162726,,,0
Football,1889,249991,,,0
Football,1890,156171,,,0
Football,1891,741185,,,0
Football,1892,784931,,,0
Football,1893,336728,,,0
Football,1894,211989,,,0
Football,1895,393905,,,0
Football,1896,749768,,,0
Football,1897,344825,,,0
Football,1898,947906,,,0
Football,1899,344051,,,0
Football,1900,211631,,,0
Football,1901,220830,,,0
Football,1902,267143,,,0
Football,1903,727547,,,0
Football,1904,242663,,,0
Football,1905,141024,,,0
Football,1906,220700,,,0
Football,1907,206728,,,0
Football,1908,120655,,,0
Football,1909,115204,,,0
Football,1910,114137,,,0
Football,1911,2181,,,0
Football,1912,2207,,,0
Football,1913,118380,,,0
Football,1914,130528,,,0
Football,1915,143455,,,0
Football,1916,115475,,,0
Football,1917,264357,,,0
Football,1918,763059,,,0
Football,1919,127326,,,0
Football,1920,118395,,,0
Football,1921,118389,,,0
Football,1922,129355,,,0
Football,1923,118390,,,0
Football,1924,126261,,,0
Football,1925,220665,,,0
Football,1926,202221,,,0
Football,1927,118399,,,0
Football,1928,162581,,,0
Football,1929,118316,,,0
Football,1930,172609,,,0
Football,1931,130626,,,0
Football,1932,123228,,,0
Football,1933,2195,,,0
Football,1934,2190,,,0
Football,1935,116443,,,0
Football,1936,118229,,,0
Football,1937,126802,,,0
Football,1938,123473,,,0
Football,1939,2192,,,0
Football,1940,2188,,,0
Football,1941,114721,,,0
Football,1942,419478,,,0
Football,1943,164761,,,0
Football,1944,146201,,,0
Football,1945,127367,,,0
Football,1946,246524,,,0
Football,1947,121443,,,0
Football,1948,2202,,,0
Football,1949,2206,,,0
Football,1950,2205,526649,JF Sporting Collectibles Footballers 1950s Series 8,2
Football,1950,2205,527143,Premier Sports Card Creation - 1950s Footballing Favourites Series 2,2
Football,1951,2203,,,0
Football,1952,1040,,,0
Football,1953,1079,,,0
Football,1954,1071,,,0
Football,1955,1072,,,0
Football,1956,1103,,,0
Football,1957,1041,,,0
Football,1958,2127,,,0
Football,1959,1047,,,0
Football,1960,1077,,,0
Football,1961,1076,,,0
Football,1962,963,,,0
Football,1963,967,,,0
Football,1964,2218,,,0
Football,1965,2223,,,0
Football,1966,969,,,0
Football,1967,968,,,0
Football,1968,970,,,0
Football,1969,974,,,0
Football,1970,947,527799,JF Sporting Collectibles Popular Footballers in Action 1970s - Series 3,1
Football,1971,945,,,0
Football,1972,1968,,,0
Football,1973,941,,,0
Football,1974,937,,,0
Football,1975,2153,,,0
Football,1976,931,,,0
Football,1977,923,,,0
Football,1978,2256,,,0
Football,1979,2121,,,0
Football,1980,918,,,0
Football,1981,908,,,0
Football,1982,902,,,0
Football,1983,885,,,0
Football,1984,874,,,0
Football,1985,867,,,0
Football,1986,862,,,0
Football,1987,839,,,0
Football,1988,826,,,0
Football,1989,801,,,0
Football,1990,774,,,0
Football,1991,745,,,0
Football,1992,722,,,0
Football,1993,703,,,0
Football,1994,675,,,0
Football,1995,661,,,0
Football,1996,655,,,0
Football,1997,650,,,0
Football,1998,647,,,0
Football,1999,1853,,,0
Football,2000,622,,,0
Football,2001,624,,,0
Football,2002,610,,,0
Football,2003,605,,,0
Football,2004,602,,,0
Football,2005,579,,,0
Football,2006,572,,,0
Football,2007,567,,,0
Football,2008,559,,,0
Football,2009,552,,,0
Football,2010,547,,,0
Football,2011,536,,,0
Football,2012,521,,,0
Football,2013,490,,,0
Football,2014,475,,,0
Football,2015,459,,,0
Football,2016,436,,,0
Football,2017,384,,,0
Football,2018,263,,,0
Football,2019,131,,,0
Football,2020,13,generated_Football_2020_Prizm,Prizm,20
Football,2020,13,generated_Football_2020_Mosaic,Mosaic,20
Football,2020,13,generated_Football_2020_Select,Select,20
Football,2020,13,generated_Football_2020_Optic,Optic,20
Football,2020,13,generated_Football_2020_Donruss,Donruss,20
Football,2020,13,generated_Football_2020_Score,Score,20
Football,2020,13,generated_Football_2020_Chronicles,Chronicles,20
Football,2020,13,generated_Football_2020_Contenders,Contenders,20
Football,2020,13,generated_Football_2020_Immaculate,Immaculate,20
Football,2020,13,generated_Football_2020_National Treasures,National Treasures,20
Football,2020,13,generated_Football_2020_Flawless,Flawless,20
Football,2020,13,generated_Football_2020_Panini One,Panini One,20
Football,2020,13,generated_Football_2020_Crown Royale,Crown Royale,20
Football,2020,13,generated_Football_2020_Threads,Threads,20
Football,2020,13,generated_Football_2020_Prestige,Prestige,20
Football,2020,13,generated_Football_2020_Elite,Elite,20
Football,2020,13,generated_Football_2020_Spectra,Spectra,20
Football,2020,13,generated_Football_2020_Revolutions,Revolutions,20
Football,2020,13,generated_Football_2020_Phoenix,Phoenix,20
Football,2020,13,generated_Football_2020_Obsidian,Obsidian,20
Football,2021,119141,generated_Football_2021_Prizm,Prizm,20
Football,2021,119141,generated_Football_2021_Mosaic,Mosaic,20
Football,2021,119141,generated_Football_2021_Select,Select,20
Football,2021,119141,generated_Football_2021_Optic,Optic,20
Football,2021,119141,generated_Football_2021_Donruss,Donruss,20
Football,2021,119141,generated_Football_2021_Score,Score,20
Football,2021,119141,generated_Football_2021_Chronicles,Chronicles,20
Football,2021,119141,generated_Football_2021_Contenders,Contenders,20
Football,2021,119141,generated_Football_2021_Immaculate,Immaculate,20
Football,2021,119141,generated_Football_2021_National Treasures,National Treasures,20
Football,2021,119141,generated_Football_2021_Flawless,Flawless,20
Football,2021,119141,generated_Football_2021_Panini One,Panini One,20
Football,2021,119141,generated_Football_2021_Crown Royale,Crown Royale,20
Football,2021,119141,generated_Football_2021_Threads,Threads,20
Football,2021,119141,generated_Football_2021_Prestige,Prestige,20
Football,2021,119141,generated_Football_2021_Elite,Elite,20
Football,2021,119141,generated_Football_2021_Spectra,Spectra,20
Football,2021,119141,generated_Football_2021_Revolutions,Revolutions,20
Football,2021,119141,generated_Football_2021_Phoenix,Phoenix,20
Football,2021,119141,generated_Football_2021_Obsidian,Obsidian,20
Football,2022,196231,generated_Football_2022_Prizm,Prizm,20
Football,2022,196231,generated_Football_2022_Mosaic,Mosaic,20
Football,2022,196231,generated_Football_2022_Select,Select,20
Football,2022,196231,generated_Football_2022_Optic,Optic,20
Football,2022,196231,generated_Football_2022_Donruss,Donruss,20
Football,2022,196231,generated_Football_2022_Score,Score,20
Football,2022,196231,generated_Football_2022_Chronicles,Chronicles,20
Football,2022,196231,generated_Football_2022_Contenders,Contenders,20
Football,2022,196231,generated_Football_2022_Immaculate,Immaculate,20
Football,2022,196231,generated_Football_2022_National Treasures,National Treasures,20
Football,2022,196231,generated_Football_2022_Flawless,Flawless,20
Football,2022,196231,generated_Football_2022_Panini One,Panini One,20
Football,2022,196231,generated_Football_2022_Crown Royale,Crown Royale,20
Football,2022,196231,generated_Football_2022_Threads,Threads,20
Football,2022,196231,generated_Football_2022_Prestige,Prestige,20
Football,2022,196231,generated_Football_2022_Elite,Elite,20
Football,2022,196231,generated_Football_2022_Spectra,Spectra,20
Football,2022,196231,generated_Football_2022_Revolutions,Revolutions,20
Football,2022,196231,generated_Football_2022_Phoenix,Phoenix,20
Football,2022,196231,generated_Football_2022_Obsidian,Obsidian,20
Football,2023,5,generated_Football_2023_Prizm,Prizm,20
Football,2023,5,generated_Football_2023_Mosaic,Mosaic,20
Football,2023,5,generated_Football_2023_Select,Select,20
Football,2023,5,generated_Football_2023_Optic,Optic,20
Football,2023,5,generated_Football_2023_Donruss,Donruss,20
Football,2023,5,generated_Football_2023_Score,Score,20
Football,2023,5,generated_Football_2023_Chronicles,Chronicles,20
Football,2023,5,generated_Football_2023_Contenders,Contenders,20
Football,2023,5,generated_Football_2023_Immaculate,Immaculate,20
Football,2023,5,generated_Football_2023_National Treasures,National Treasures,20
Football,2023,5,generated_Football_2023_Flawless,Flawless,20
Football,2023,5,generated_Football_2023_Panini One,Panini One,20
Football,2023,5,generated_Football_2023_Crown Royale,Crown Royale,20
Football,2023,5,generated_Football_2023_Threads,Threads,20
Football,2023,5,generated_Football_2023_Prestige,Prestige,20
Football,2023,5,generated_Football_2023_Elite,Elite,20
Football,2023,5,generated_Football_2023_Spectra,Spectra,20
Football,2023,5,generated_Football_2023_Revolutions,Revolutions,20
Football,2023,5,generated_Football_2023_Phoenix,Phoenix,20
Football,2023,5,generated_Football_2023_Obsidian,Obsidian,20
Football,2024,348057,generated_Football_2024_Prizm,Prizm,21
Football,2024,348057,generated_Football_2024_Mosaic,Mosaic,21
Football,2024,348057,generated_Football_2024_Select,Select,21
Football,2024,348057,generated_Football_2024_Optic,Optic,21
Football,2024,348057,generated_Football_2024_Donruss,Donruss,21
Football,2024,348057,generated_Football_2024_Score,Score,21
Football,2024,348057,generated_Football_2024_Chronicles,Chronicles,21
Football,2024,348057,generated_Football_2024_Contenders,Contenders,21
Football,2024,348057,generated_Football_2024_Immaculate,Immaculate,21
Football,2024,348057,generated_Football_2024_National Treasures,National Treasures,21
Football,2024,348057,generated_Football_2024_Flawless,Flawless,21
Football,2024,348057,generated_Football_2024_Panini One,Panini One,21
Football,2024,348057,generated_Football_2024_Crown Royale,Crown Royale,21
Football,2024,348057,generated_Football_2024_Threads,Threads,21
Football,2024,348057,generated_Football_2024_Prestige,Prestige,21
Football,2024,348057,generated_Football_2024_Elite,Elite,21
Football,2024,348057,generated_Football_2024_Spectra,Spectra,21
Football,2024,348057,generated_Football_2024_Revolutions,Revolutions,21
Football,2024,348057,generated_Football_2024_Phoenix,Phoenix,21
Football,2024,348057,generated_Football_2024_Obsidian,Obsidian,21
Football,2024,348057,inline_4,Optic,21
Football,2025,3914795,generated_Football_2025_Prizm,Prizm,20
Football,2025,3914795,generated_Football_2025_Mosaic,Mosaic,20
Football,2025,3914795,generated_Football_2025_Select,Select,20
Football,2025,3914795,generated_Football_2025_Optic,Optic,20
Football,2025,3914795,generated_Football_2025_Donruss,Donruss,20
Football,2025,3914795,generated_Football_2025_Score,Score,20
Football,2025,3914795,generated_Football_2025_Chronicles,Chronicles,20
Football,2025,3914795,generated_Football_2025_Contenders,Contenders,20
Football,2025,3914795,generated_Football_2025_Immaculate,Immaculate,20
Football,2025,3914795,generated_Football_2025_National Treasures,National Treasures,20
Football,2025,3914795,generated_Football_2025_Flawless,Flawless,20
Football,2025,3914795,generated_Football_2025_Panini One,Panini One,20
Football,2025,3914795,generated_Football_2025_Crown Royale,Crown Royale,20
Football,2025,3914795,generated_Football_2025_Threads,Threads,20
Football,2025,3914795,generated_Football_2025_Prestige,Prestige,20
Football,2025,3914795,generated_Football_2025_Elite,Elite,20
Football,2025,3914795,generated_Football_2025_Spectra,Spectra,20
Football,2025,3914795,generated_Football_2025_Revolutions,Revolutions,20
Football,2025,3914795,generated_Football_2025_Phoenix,Phoenix,20
Football,2025,3914795,generated_Football_2025_Obsidian,Obsidian,20
Football,202425,3935769,,,0
Hockey,1866,344397,,,0
Hockey,1868,205692,,,0
Hockey,1869,195177,,,0
Hockey,1870,281520,,,0
Hockey,1871,239182,,,0
Hockey,1878,222911,,,0
Hockey,1880,220128,,,0
Hockey,1882,254109,,,0
Hockey,1886,219167,,,0
Hockey,1887,119695,,,0
Hockey,1888,162726,,,0
Hockey,1889,249991,,,0
Hockey,1890,156171,,,0
Hockey,1891,741185,,,0
Hockey,1892,784931,,,0
Hockey,1893,336728,,,0
Hockey,1894,211989,,,0
Hockey,1895,393905,,,0
Hockey,1896,749768,,,0
Hockey,1897,344825,,,0
Hockey,1898,947906,,,0
Hockey,1899,344051,,,0
Hockey,1900,211631,,,0
Hockey,1901,220830,,,0
Hockey,1902,267143,,,0
Hockey,1903,727547,,,0
Hockey,1904,242663,,,0
Hockey,1905,141024,,,0
Hockey,1906,220700,,,0
Hockey,1907,206728,,,0
Hockey,1908,120655,,,0
Hockey,1909,115204,,,0
Hockey,1910,114137,,,0
Hockey,1911,2181,,,0
Hockey,1912,2207,,,0
Hockey,1913,118380,,,0
Hockey,1914,130528,,,0
Hockey,1915,143455,,,0
Hockey,1916,115475,,,0
Hockey,1917,264357,,,0
Hockey,1918,763059,,,0
Hockey,1919,127326,,,0
Hockey,1920,118395,,,0
Hockey,1921,118389,,,0
Hockey,1922,129355,,,0
Hockey,1923,118390,,,0
Hockey,1924,126261,,,0
Hockey,1925,220665,,,0
Hockey,1926,202221,,,0
Hockey,1927,118399,,,0
Hockey,1928,162581,,,0
Hockey,1929,118316,,,0
Hockey,1930,172609,,,0
Hockey,1931,130626,,,0
Hockey,1932,123228,,,0
Hockey,1933,2195,,,0
Hockey,1934,2190,,,0
Hockey,1935,116443,,,0
Hockey,1936,118229,,,0
Hockey,1937,126802,,,0
Hockey,1938,123473,,,0
Hockey,1939,2192,,,0
Hockey,1940,2188,,,0
Hockey,1941,114721,,,0
Hockey,1942,419478,,,0
Hockey,1943,164761,,,0
Hockey,1944,146201,,,0
Hockey,1945,127367,,,0
Hockey,1946,246524,,,0
Hockey,1947,121443,,,0
Hockey,1948,2202,,,0
Hockey,1949,2206,,,0
Hockey,1950,2205,,,0
Hockey,1951,2203,,,0
Hockey,1952,1040,,,0
Hockey,1953,1079,,,0
Hockey,1954,1071,,,0
Hockey,1955,1072,,,0
Hockey,1956,1103,,,0
Hockey,1957,1041,,,0
Hockey,1958,2127,,,0
Hockey,1959,1047,,,0
Hockey,1960,1077,,,0
Hockey,1961,1076,,,0
Hockey,1962,963,,,0
Hockey,1963,967,,,0
Hockey,1964,2218,,,0
Hockey,1965,2223,,,0
Hockey,1966,969,,,0
Hockey,1967,968,,,0
Hockey,1968,970,,,0
Hockey,1969,974,,,0
Hockey,1970,947,,,0
Hockey,1971,945,,,0
Hockey,1972,1968,,,0
Hockey,1973,941,,,0
Hockey,1974,937,,,0
Hockey,1975,2153,,,0
Hockey,1976,931,,,0
Hockey,1977,923,,,0
Hockey,1978,2256,,,0
Hockey,1979,2121,,,0
Hockey,1980,918,,,0
Hockey,1981,908,,,0
Hockey,1982,902,,,0
Hockey,1983,885,,,0
Hockey,1984,874,,,0
Hockey,1985,867,,,0
Hockey,1986,862,,,0
Hockey,1987,839,,,0
Hockey,1988,826,,,0
Hockey,1989,801,,,0
Hockey,1990,774,,,0
Hockey,1991,745,,,0
Hockey,1992,722,,,0
Hockey,1993,703,,,0
Hockey,1994,675,,,0
Hockey,1995,661,,,0
Hockey,1996,655,,,0
Hockey,1997,650,,,0
Hockey,1998,647,,,0
Hockey,1999,1853,,,0
Hockey,2000,622,,,0
Hockey,2001,624,,,0
Hockey,2002,610,,,0
Hockey,2003,605,,,0
Hockey,2004,602,,,0
Hockey,2005,579,,,0
Hockey,2006,572,,,0
Hockey,2007,567,,,0
Hockey,2008,559,,,0
Hockey,2009,552,,,0
Hockey,2010,547,,,0
Hockey,2011,536,,,0
Hockey,2012,521,,,0
Hockey,2013,490,,,0
Hockey,2014,475,,,0
Hockey,2015,459,,,0
Hockey,2016,436,,,0
Hockey,2017,384,,,0
Hockey,2018,263,,,0
Hockey,2019,131,,,0
Hockey,2020,13,generated_Hockey_2020_Series One,Series One,20
Hockey,2020,13,generated_Hockey_2020_Series Two,Series Two,20
Hockey,2020,13,generated_Hockey_2020_Young Guns,Young Guns,20
Hockey,2020,13,generated_Hockey_2020_Artifacts,Artifacts,20
Hockey,2020,13,generated_Hockey_2020_SP Game Used,SP Game Used,20
Hockey,2020,13,generated_Hockey_2020_SP Authentic,SP Authentic,20
Hockey,2020,13,generated_Hockey_2020_The Cup,The Cup,20
Hockey,2020,13,generated_Hockey_2020_Premier,Premier,20
Hockey,2020,13,generated_Hockey_2020_Ice,Ice,20
Hockey,2020,13,generated_Hockey_2020_Black Diamond,Black Diamond,20
Hockey,2020,13,generated_Hockey_2020_OPC,OPC,20
Hockey,2020,13,generated_Hockey_2020_OPC Platinum,OPC Platinum,20
Hockey,2020,13,generated_Hockey_2020_MVP,MVP,20
Hockey,2020,13,generated_Hockey_2020_Parkhurst,Parkhurst,20
Hockey,2020,13,generated_Hockey_2020_Victory,Victory,20
Hockey,2020,13,generated_Hockey_2020_Collector's Choice,Collector's Choice,20
Hockey,2020,13,generated_Hockey_2020_Pinnacle,Pinnacle,20
Hockey,2020,13,generated_Hockey_2020_Score,Score,20
Hockey,2020,13,generated_Hockey_2020_Fleer,Fleer,20
Hockey,2020,13,generated_Hockey_2020_Topps,Topps,20
Hockey,2021,119141,generated_Hockey_2021_Series One,Series One,20
Hockey,2021,119141,generated_Hockey_2021_Series Two,Series Two,20
Hockey,2021,119141,generated_Hockey_2021_Young Guns,Young Guns,20
Hockey,2021,119141,generated_Hockey_2021_Artifacts,Artifacts,20
Hockey,2021,119141,generated_Hockey_2021_SP Game Used,SP Game Used,20
Hockey,2021,119141,generated_Hockey_2021_SP Authentic,SP Authentic,20
Hockey,2021,119141,generated_Hockey_2021_The Cup,The Cup,20
Hockey,2021,119141,generated_Hockey_2021_Premier,Premier,20
Hockey,2021,119141,generated_Hockey_2021_Ice,Ice,20
Hockey,2021,119141,generated_Hockey_2021_Black Diamond,Black Diamond,20
Hockey,2021,119141,generated_Hockey_2021_OPC,OPC,20
Hockey,2021,119141,generated_Hockey_2021_OPC Platinum,OPC Platinum,20
Hockey,2021,119141,generated_Hockey_2021_MVP,MVP,20
Hockey,2021,119141,generated_Hockey_2021_Parkhurst,Parkhurst,20
Hockey,2021,119141,generated_Hockey_2021_Victory,Victory,20
Hockey,2021,119141,generated_Hockey_2021_Collector's Choice,Collector's Choice,20
Hockey,2021,119141,generated_Hockey_2021_Pinnacle,Pinnacle,20
Hockey,2021,119141,generated_Hockey_2021_Score,Score,20
Hockey,2021,119141,generated_Hockey_2021_Fleer,Fleer,20
Hockey,2021,119141,generated_Hockey_2021_Topps,Topps,20
Hockey,2022,196231,generated_Hockey_2022_Series One,Series One,20
Hockey,2022,196231,generated_Hockey_2022_Series Two,Series Two,20
Hockey,2022,196231,generated_Hockey_2022_Young Guns,Young Guns,20
Hockey,2022,196231,generated_Hockey_2022_Artifacts,Artifacts,20
Hockey,2022,196231,generated_Hockey_2022_SP Game Used,SP Game Used,20
Hockey,2022,196231,generated_Hockey_2022_SP Authentic,SP Authentic,20
Hockey,2022,196231,generated_Hockey_2022_The Cup,The Cup,20
Hockey,2022,196231,generated_Hockey_2022_Premier,Premier,20
Hockey,2022,196231,generated_Hockey_2022_Ice,Ice,20
Hockey,2022,196231,generated_Hockey_2022_Black Diamond,Black Diamond,20
Hockey,2022,196231,generated_Hockey_2022_OPC,OPC,20
Hockey,2022,196231,generated_Hockey_2022_OPC Platinum,OPC Platinum,20
Hockey,2022,196231,generated_Hockey_2022_MVP,MVP,20
Hockey,2022,196231,generated_Hockey_2022_Parkhurst,Parkhurst,20
Hockey,2022,196231,generated_Hockey_2022_Victory,Victory,20
Hockey,2022,196231,generated_Hockey_2022_Collector's Choice,Collector's Choice,20
Hockey,2022,196231,generated_Hockey_2022_Pinnacle,Pinnacle,20
Hockey,2022,196231,generated_Hockey_2022_Score,Score,20
Hockey,2022,196231,generated_Hockey_2022_Fleer,Fleer,20
Hockey,2022,196231,generated_Hockey_2022_Topps,Topps,20
Hockey,2023,5,generated_Hockey_2023_Series One,Series One,20
Hockey,2023,5,generated_Hockey_2023_Series Two,Series Two,20
Hockey,2023,5,generated_Hockey_2023_Young Guns,Young Guns,20
Hockey,2023,5,generated_Hockey_2023_Artifacts,Artifacts,20
Hockey,2023,5,generated_Hockey_2023_SP Game Used,SP Game Used,20
Hockey,2023,5,generated_Hockey_2023_SP Authentic,SP Authentic,20
Hockey,2023,5,generated_Hockey_2023_The Cup,The Cup,20
Hockey,2023,5,generated_Hockey_2023_Premier,Premier,20
Hockey,2023,5,generated_Hockey_2023_Ice,Ice,20
Hockey,2023,5,generated_Hockey_2023_Black Diamond,Black Diamond,20
Hockey,2023,5,generated_Hockey_2023_OPC,OPC,20
Hockey,2023,5,generated_Hockey_2023_OPC Platinum,OPC Platinum,20
Hockey,2023,5,generated_Hockey_2023_MVP,MVP,20
Hockey,2023,5,generated_Hockey_2023_Parkhurst,Parkhurst,20
Hockey,2023,5,generated_Hockey_2023_Victory,Victory,20
Hockey,2023,5,generated_Hockey_2023_Collector's Choice,Collector's Choice,20
Hockey,2023,5,generated_Hockey_2023_Pinnacle,Pinnacle,20
Hockey,2023,5,generated_Hockey_2023_Score,Score,20
Hockey,2023,5,generated_Hockey_2023_Fleer,Fleer,20
Hockey,2023,5,generated_Hockey_2023_Topps,Topps,20
Hockey,2024,348057,generated_Hockey_2024_Series One,Series One,21
Hockey,2024,348057,generated_Hockey_2024_Series Two,Series Two,21
Hockey,2024,348057,generated_Hockey_2024_Young Guns,Young Guns,21
Hockey,2024,348057,generated_Hockey_2024_Artifacts,Artifacts,21
Hockey,2024,348057,generated_Hockey_2024_SP Game Used,SP Game Used,21
Hockey,2024,348057,generated_Hockey_2024_SP Authentic,SP Authentic,21
Hockey,2024,348057,generated_Hockey_2024_The Cup,The Cup,21
Hockey,2024,348057,generated_Hockey_2024_Premier,Premier,21
Hockey,2024,348057,generated_Hockey_2024_Ice,Ice,21
Hockey,2024,348057,generated_Hockey_2024_Black Diamond,Black Diamond,21
Hockey,2024,348057,generated_Hockey_2024_OPC,OPC,21
Hockey,2024,348057,generated_Hockey_2024_OPC Platinum,OPC Platinum,21
Hockey,2024,348057,generated_Hockey_2024_MVP,MVP,21
Hockey,2024,348057,generated_Hockey_2024_Parkhurst,Parkhurst,21
Hockey,2024,348057,generated_Hockey_2024_Victory,Victory,21
Hockey,2024,348057,generated_Hockey_2024_Collector's Choice,Collector's Choice,21
Hockey,2024,348057,generated_Hockey_2024_Pinnacle,Pinnacle,21
Hockey,2024,348057,generated_Hockey_2024_Score,Score,21
Hockey,2024,348057,generated_Hockey_2024_Fleer,Fleer,21
Hockey,2024,348057,generated_Hockey_2024_Topps,Topps,21
Hockey,2024,348057,inline_5,Series One,21
Hockey,2025,3914795,generated_Hockey_2025_Series One,Series One,20
Hockey,2025,3914795,generated_Hockey_2025_Series Two,Series Two,20
Hockey,2025,3914795,generated_Hockey_2025_Young Guns,Young Guns,20
Hockey,2025,3914795,generated_Hockey_2025_Artifacts,Artifacts,20
Hockey,2025,3914795,generated_Hockey_2025_SP Game Used,SP Game Used,20
Hockey,2025,3914795,generated_Hockey_2025_SP Authentic,SP Authentic,20
Hockey,2025,3914795,generated_Hockey_2025_The Cup,The Cup,20
Hockey,2025,3914795,generated_Hockey_2025_Premier,Premier,20
Hockey,2025,3914795,generated_Hockey_2025_Ice,Ice,20
Hockey,2025,3914795,generated_Hockey_2025_Black Diamond,Black Diamond,20
Hockey,2025,3914795,generated_Hockey_2025_OPC,OPC,20
Hockey,2025,3914795,generated_Hockey_2025_OPC Platinum,OPC Platinum,20
Hockey,2025,3914795,generated_Hockey_2025_MVP,MVP,20
Hockey,2025,3914795,generated_Hockey_2025_Parkhurst,Parkhurst,20
Hockey,2025,3914795,generated_Hockey_2025_Victory,Victory,20
Hockey,2025,3914795,generated_Hockey_2025_Collector's Choice,Collector's Choice,20
Hockey,2025,3914795,generated_Hockey_2025_Pinnacle,Pinnacle,20
Hockey,2025,3914795,generated_Hockey_2025_Score,Score,20
Hockey,2025,3914795,generated_Hockey_2025_Fleer,Fleer,20
Hockey,2025,3914795,generated_Hockey_2025_Topps,Topps,20
Hockey,202425,3935769,,,0
Soccer,1866,344397,,,0
Soccer,1868,205692,,,0
Soccer,1869,195177,,,0
Soccer,1870,281520,,,0
Soccer,1871,239182,,,0
Soccer,1878,222911,,,0
Soccer,1880,220128,,,0
Soccer,1882,254109,,,0
Soccer,1886,219167,,,0
Soccer,1887,119695,,,0
Soccer,1888,162726,,,0
Soccer,1889,249991,,,0
Soccer,1890,156171,,,0
Soccer,1891,741185,,,0
Soccer,1892,784931,,,0
Soccer,1893,336728,,,0
Soccer,1894,211989,,,0
Soccer,1895,393905,,,0
Soccer,1896,749768,,,0
Soccer,1897,344825,,,0
Soccer,1898,947906,,,0
Soccer,1899,344051,,,0
Soccer,1900,211631,,,0
Soccer,1901,220830,,,0
Soccer,1902,267143,,,0
Soccer,1903,727547,,,0
Soccer,1904,242663,,,0
Soccer,1905,141024,,,0
Soccer,1906,220700,,,0
Soccer,1907,206728,,,0
Soccer,1908,120655,,,0
Soccer,1909,115204,,,0
Soccer,1910,114137,,,0
Soccer,1911,2181,,,0
Soccer,1912,2207,,,0
Soccer,1913,118380,,,0
Soccer,1914,130528,,,0
Soccer,1915,143455,,,0
Soccer,1916,115475,,,0
Soccer,1917,264357,,,0
Soccer,1918,763059,,,0
Soccer,1919,127326,915053,Fosse Soccer Stars 1919-1939 : Series 6,2
Soccer,1919,127326,914932,Fosse Soccer Stars 1919-1939 : Series 2,2
Soccer,1920,118395,,,0
Soccer,1921,118389,,,0
Soccer,1922,129355,,,0
Soccer,1923,118390,,,0
Soccer,1924,126261,,,0
Soccer,1925,220665,,,0
Soccer,1926,202221,,,0
Soccer,1927,118399,,,0
Soccer,1928,162581,,,0
Soccer,1929,118316,,,0
Soccer,1930,172609,,,0
Soccer,1931,130626,,,0
Soccer,1932,123228,,,0
Soccer,1933,2195,,,0
Soccer,1934,2190,,,0
Soccer,1935,116443,,,0
Soccer,1936,118229,,,0
Soccer,1937,126802,,,0
Soccer,1938,123473,,,0
Soccer,1939,2192,,,0
Soccer,1940,2188,,,0
Soccer,1941,114721,,,0
Soccer,1942,419478,,,0
Soccer,1943,164761,,,0
Soccer,1944,146201,,,0
Soccer,1945,127367,,,0
Soccer,1946,246524,,,0
Soccer,1947,121443,,,0
Soccer,1948,2202,,,0
Soccer,1949,2206,,,0
Soccer,1950,2205,,,0
Soccer,1951,2203,,,0
Soccer,1952,1040,,,0
Soccer,1953,1079,,,0
Soccer,1954,1071,,,0
Soccer,1955,1072,,,0
Soccer,1956,1103,,,0
Soccer,1957,1041,,,0
Soccer,1958,2127,,,0
Soccer,1959,1047,,,0
Soccer,1960,1077,,,0
Soccer,1961,1076,,,0
Soccer,1962,963,,,0
Soccer,1963,967,,,0
Soccer,1964,2218,,,0
Soccer,1965,2223,,,0
Soccer,1966,969,,,0
Soccer,1967,968,,,0
Soccer,1968,970,,,0
Soccer,1969,974,,,0
Soccer,1970,947,,,0
Soccer,1971,945,,,0
Soccer,1972,1968,,,0
Soccer,1973,941,,,0
Soccer,1974,937,,,0
Soccer,1975,2153,,,0
Soccer,1976,931,,,0
Soccer,1977,923,,,0
Soccer,1978,2256,,,0
Soccer,1979,2121,,,0
Soccer,1980,918,,,0
Soccer,1981,908,,,0
Soccer,1982,902,,,0
Soccer,1983,885,,,0
Soccer,1984,874,,,0
Soccer,1985,867,,,0
Soccer,1986,862,,,0
Soccer,1987,839,,,0
Soccer,1988,826,,,0
Soccer,1989,801,,,0
Soccer,1990,774,,,0
Soccer,1991,745,,,0
Soccer,1992,722,,,0
Soccer,1993,703,,,0
Soccer,1994,675,,,0
Soccer,1995,661,,,0
Soccer,1996,655,,,0
Soccer,1997,650,,,0
Soccer,1998,647,,,0
Soccer,1999,1853,,,0
Soccer,2000,622,,,0
Soccer,2001,624,,,0
Soccer,2002,610,,,0
Soccer,2003,605,,,0
Soccer,2004,602,,,0
Soccer,2005,579,,,0
Soccer,2006,572,,,0
Soccer,2007,567,,,0
Soccer,2008,559,,,0
Soccer,2009,552,,,0
Soccer,2010,547,,,0
Soccer,2011,536,,,0
Soccer,2012,521,,,0
Soccer,2013,490,,,0
Soccer,2014,475,,,0
Soccer,2015,459,,,0
Soccer,2016,436,,,0
Soccer,2017,384,,,0
Soccer,2018,263,,,0
Soccer,2019,131,,,0
Soccer,2020,13,,,0
Soccer,2021,119141,,,0
Soccer,2022,196231,,,0
Soccer,2023,5,,,0
Soccer,2024,348057,,,0
Soccer,2025,3914795,,,0
Soccer,202425,3935769,,,0
Boxing,1866,344397,,,0
Boxing,1868,205692,,,0
Boxing,1869,195177,,,0
Boxing,1870,281520,,,0
Boxing,1871,239182,,,0
Boxing,1878,222911,,,0
Boxing,1880,220128,,,0
Boxing,1882,254109,,,0
Boxing,1886,219167,,,0
Boxing,1887,119695,,,0
Boxing,1888,162726,,,0
Boxing,1889,249991,,,0
Boxing,1890,156171,,,0
Boxing,1891,741185,,,0
Boxing,1892,784931,,,0
Boxing,1893,336728,,,0
Boxing,1894,211989,,,0
Boxing,1895,393905,,,0
Boxing,1896,749768,,,0
Boxing,1897,344825,,,0
Boxing,1898,947906,,,0
Boxing,1899,344051,,,0
Boxing,1900,211631,,,0
Boxing,1901,220830,,,0
Boxing,1902,267143,,,0
Boxing,1903,727547,,,0
Boxing,1904,242663,,,0
Boxing,1905,141024,,,0
Boxing,1906,220700,,,0
Boxing,1907,206728,,,0
Boxing,1908,120655,,,0
Boxing,1909,115204,,,0
Boxing,1910,114137,,,0
Boxing,1911,2181,,,0
Boxing,1912,2207,,,0
Boxing,1913,118380,,,0
Boxing,1914,130528,,,0
Boxing,1915,143455,,,0
Boxing,1916,115475,,,0
Boxing,1917,264357,,,0
Boxing,1918,763059,,,0
Boxing,1919,127326,,,0
Boxing,1920,118395,,,0
Boxing,1921,118389,,,0
Boxing,1922,129355,,,0
Boxing,1923,118390,,,0
Boxing,1924,126261,,,0
Boxing,1925,220665,,,0
Boxing,1926,202221,,,0
Boxing,1927,118399,,,0
Boxing,1928,162581,,,0
Boxing,1929,118316,,,0
Boxing,1930,172609,,,0
Boxing,1931,130626,,,0
Boxing,1932,123228,,,0
Boxing,1933,2195,,,0
Boxing,1934,2190,,,0
Boxing,1935,116443,,,0
Boxing,1936,118229,,,0
Boxing,1937,126802,,,0
Boxing,1938,123473,,,0
Boxing,1939,2192,,,0
Boxing,1940,2188,,,0
Boxing,1941,114721,,,0
Boxing,1942,419478,,,0
Boxing,1943,164761,,,0
Boxing,1944,146201,,,0
Boxing,1945,127367,,,0
Boxing,1946,246524,,,0
Boxing,1947,121443,,,0
Boxing,1948,2202,,,0
Boxing,1949,2206,,,0
Boxing,1950,2205,,,0
Boxing,1951,2203,,,0
Boxing,1952,1040,,,0
Boxing,1953,1079,,,0
Boxing,1954,1071,,,0
Boxing,1955,1072,,,0
Boxing,1956,1103,,,0
Boxing,1957,1041,,,0
Boxing,1958,2127,,,0
Boxing,1959,1047,,,0
Boxing,1960,1077,,,0
Boxing,1961,1076,,,0
Boxing,1962,963,,,0
Boxing,1963,967,,,0
Boxing,1964,2218,,,0
Boxing,1965,2223,,,0
Boxing,1966,969,,,0
Boxing,1967,968,,,0
Boxing,1968,970,,,0
Boxing,1969,974,,,0
Boxing,1970,947,,,0
Boxing,1971,945,,,0
Boxing,1972,1968,,,0
Boxing,1973,941,,,0
Boxing,1974,937,,,0
Boxing,1975,2153,,,0
Boxing,1976,931,,,0
Boxing,1977,923,,,0
Boxing,1978,2256,,,0
Boxing,1979,2121,,,0
Boxing,1980,918,,,0
Boxing,1981,908,,,0
Boxing,1982,902,,,0
Boxing,1983,885,,,0
Boxing,1984,874,,,0
Boxing,1985,867,,,0
Boxing,1986,862,,,0
Boxing,1987,839,,,0
Boxing,1988,826,,,0
Boxing,1989,801,,,0
Boxing,1990,774,,,0
Boxing,1991,745,,,0
Boxing,1992,722,,,0
Boxing,1993,703,,,0
Boxing,1994,675,,,0
Boxing,1995,661,,,0
Boxing,1996,655,,,0
Boxing,1997,650,,,0
Boxing,1998,647,,,0
Boxing,1999,1853,,,0
Boxing,2000,622,,,0
Boxing,2001,624,,,0
Boxing,2002,610,,,0
Boxing,2003,605,,,0
Boxing,2004,602,,,0
Boxing,2005,579,,,0
Boxing,2006,572,,,0
Boxing,2007,567,,,0
Boxing,2008,559,,,0
Boxing,2009,552,,,0
Boxing,2010,547,,,0
Boxing,2011,536,,,0
Boxing,2012,521,,,0
Boxing,2013,490,,,0
Boxing,2014,475,,,0
Boxing,2015,459,,,0
Boxing,2016,436,,,0
Boxing,2017,384,,,0
Boxing,2018,263,,,0
Boxing,2019,131,,,0
Boxing,2020,13,,,0
Boxing,2021,119141,,,0
Boxing,2022,196231,,,0
Boxing,2023,5,,,0
Boxing,2024,348057,,,0
Boxing,2025,3914795,,,0
Boxing,202425,3935769,,,0
Golf,1866,344397,,,0
Golf,1868,205692,,,0
Golf,1869,195177,,,0
Golf,1870,281520,,,0
Golf,1871,239182,,,0
Golf,1878,222911,,,0
Golf,1880,220128,,,0
Golf,1882,254109,,,0
Golf,1886,219167,,,0
Golf,1887,119695,,,0
Golf,1888,162726,,,0
Golf,1889,249991,,,0
Golf,1890,156171,,,0
Golf,1891,741185,,,0
Golf,1892,784931,,,0
Golf,1893,336728,,,0
Golf,1894,211989,,,0
Golf,1895,393905,,,0
Golf,1896,749768,,,0
Golf,1897,344825,,,0
Golf,1898,947906,,,0
Golf,1899,344051,,,0
Golf,1900,211631,,,0
Golf,1901,220830,,,0
Golf,1902,267143,,,0
Golf,1903,727547,,,0
Golf,1904,242663,,,0
Golf,1905,141024,,,0
Golf,1906,220700,,,0
Golf,1907,206728,,,0
Golf,1908,120655,,,0
Golf,1909,115204,,,0
Golf,1910,114137,,,0
Golf,1911,2181,,,0
Golf,1912,2207,,,0
Golf,1913,118380,,,0
Golf,1914,130528,,,0
Golf,1915,143455,,,0
Golf,1916,115475,,,0
Golf,1917,264357,,,0
Golf,1918,763059,,,0
Golf,1919,127326,,,0
Golf,1920,118395,,,0
Golf,1921,118389,,,0
Golf,1922,129355,,,0
Golf,1923,118390,,,0
Golf,1924,126261,,,0
Golf,1925,220665,,,0
Golf,1926,202221,,,0
Golf,1927,118399,,,0
Golf,1928,162581,,,0
Golf,1929,118316,,,0
Golf,1930,172609,,,0
Golf,1931,130626,,,0
Golf,1932,123228,,,0
Golf,1933,2195,,,0
Golf,1934,2190,,,0
Golf,1935,116443,,,0
Golf,1936,118229,,,0
Golf,1937,126802,,,0
Golf,1938,123473,,,0
Golf,1939,2192,,,0
Golf,1940,2188,,,0
Golf,1941,114721,,,0
Golf,1942,419478,,,0
Golf,1943,164761,,,0
Golf,1944,146201,,,0
Golf,1945,127367,,,0
Golf,1946,246524,,,0
Golf,1947,121443,,,0
Golf,1948,2202,,,0
Golf,1949,2206,,,0
Golf,1950,2205,,,0
Golf,1951,2203,,,0
Golf,1952,1040,,,0
Golf,1953,1079,,,0
Golf,1954,1071,,,0
Golf,1955,1072,,,0
Golf,1956,1103,,,0
Golf,1957,1041,,,0
Golf,1958,2127,,,0
Golf,1959,1047,,,0
Golf,1960,1077,,,0
Golf,1961,1076,,,0
Golf,1962,963,,,0
Golf,1963,967,,,0
Golf,1964,2218,,,0
Golf,1965,2223,,,0
Golf,1966,969,,,0
Golf,1967,968,,,0
Golf,1968,970,,,0
Golf,1969,974,,,0
Golf,1970,947,,,0
Golf,1971,945,,,0
Golf,1972,1968,,,0
Golf,1973,941,,,0
Golf,1974,937,,,0
Golf,1975,2153,,,0
Golf,1976,931,,,0
Golf,1977,923,,,0
Golf,1978,2256,,,0
Golf,1979,2121,,,0
Golf,1980,918,,,0
Golf,1981,908,,,0
Golf,1982,902,,,0
Golf,1983,885,,,0
Golf,1984,874,,,0
Golf,1985,867,,,0
Golf,1986,862,,,0
Golf,1987,839,,,0
Golf,1988,826,,,0
Golf,1989,801,,,0
Golf,1990,774,,,0
Golf,1991,745,,,0
Golf,1992,722,,,0
Golf,1993,703,,,0
Golf,1994,675,,,0
Golf,1995,661,,,0
Golf,1996,655,,,0
Golf,1997,650,,,0
Golf,1998,647,,,0
Golf,1999,1853,,,0
Golf,2000,622,,,0
Golf,2001,624,,,0
Golf,2002,610,,,0
Golf,2003,605,,,0
Golf,2004,602,,,0
Golf,2005,579,,,0
Golf,2006,572,,,0
Golf,2007,567,,,0
Golf,2008,559,,,0
Golf,2009,552,,,0
Golf,2010,547,,,0
Golf,2011,536,,,0
Golf,2012,521,,,0
Golf,2013,490,,,0
Golf,2014,475,,,0
Golf,2015,459,,,0
Golf,2016,436,,,0
Golf,2017,384,,,0
Golf,2018,263,,,0
Golf,2019,131,,,0
Golf,2020,13,,,0
Golf,2021,119141,,,0
Golf,2022,196231,,,0
Golf,2023,5,,,0
Golf,2024,348057,,,0
Golf,2025,3914795,,,0
Golf,202425,3935769,,,0
MMA,1866,344397,,,0
MMA,1868,205692,,,0
MMA,1869,195177,,,0
MMA,1870,281520,,,0
MMA,1871,239182,,,0
MMA,1878,222911,,,0
MMA,1880,220128,,,0
MMA,1882,254109,,,0
MMA,1886,219167,,,0
MMA,1887,119695,,,0
MMA,1888,162726,,,0
MMA,1889,249991,,,0
MMA,1890,156171,,,0
MMA,1891,741185,,,0
MMA,1892,784931,,,0
MMA,1893,336728,,,0
MMA,1894,211989,,,0
MMA,1895,393905,,,0
MMA,1896,749768,,,0
MMA,1897,344825,,,0
MMA,1898,947906,,,0
MMA,1899,344051,,,0
MMA,1900,211631,,,0
MMA,1901,220830,,,0
MMA,1902,267143,,,0
MMA,1903,727547,,,0
MMA,1904,242663,,,0
MMA,1905,141024,,,0
MMA,1906,220700,,,0
MMA,1907,206728,,,0
MMA,1908,120655,,,0
MMA,1909,115204,,,0
MMA,1910,114137,,,0
MMA,1911,2181,,,0
MMA,1912,2207,,,0
MMA,1913,118380,,,0
MMA,1914,130528,,,0
MMA,1915,143455,,,0
MMA,1916,115475,,,0
MMA,1917,264357,,,0
MMA,1918,763059,,,0
MMA,1919,127326,,,0
MMA,1920,118395,,,0
MMA,1921,118389,,,0
MMA,1922,129355,,,0
MMA,1923,118390,,,0
MMA,1924,126261,,,0
MMA,1925,220665,,,0
MMA,1926,202221,,,0
MMA,1927,118399,,,0
MMA,1928,162581,,,0
MMA,1929,118316,,,0
MMA,1930,172609,,,0
MMA,1931,130626,,,0
MMA,1932,123228,,,0
MMA,1933,2195,,,0
MMA,1934,2190,,,0
MMA,1935,116443,,,0
MMA,1936,118229,,,0
MMA,1937,126802,,,0
MMA,1938,123473,,,0
MMA,1939,2192,,,0
MMA,1940,2188,,,0
MMA,1941,114721,,,0
MMA,1942,419478,,,0
MMA,1943,164761,,,0
MMA,1944,146201,,,0
MMA,1945,127367,,,0
MMA,1946,246524,,,0
MMA,1947,121443,,,0
MMA,1948,2202,,,0
MMA,1949,2206,,,0
MMA,1950,2205,,,0
MMA,1951,2203,,,0
MMA,1952,1040,,,0
MMA,1953,1079,,,0
MMA,1954,1071,,,0
MMA,1955,1072,,,0
MMA,1956,1103,,,0
MMA,1957,1041,,,0
MMA,1958,2127,,,0
MMA,1959,1047,,,0
MMA,1960,1077,,,0
MMA,1961,1076,,,0
MMA,1962,963,,,0
MMA,1963,967,,,0
MMA,1964,2218,,,0
MMA,1965,2223,,,0
MMA,1966,969,,,0
MMA,1967,968,,,0
MMA,1968,970,,,0
MMA,1969,974,,,0
MMA,1970,947,,,0
MMA,1971,945,,,0
MMA,1972,1968,,,0
MMA,1973,941,,,0
MMA,1974,937,,,0
MMA,1975,2153,,,0
MMA,1976,931,,,0
MMA,1977,923,,,0
MMA,1978,2256,,,0
MMA,1979,2121,,,0
MMA,1980,918,,,0
MMA,1981,908,,,0
MMA,1982,902,,,0
MMA,1983,885,,,0
MMA,1984,874,,,0
MMA,1985,867,,,0
MMA,1986,862,,,0
MMA,1987,839,,,0
MMA,1988,826,,,0
MMA,1989,801,,,0
MMA,1990,774,,,0
MMA,1991,745,,,0
MMA,1992,722,,,0
MMA,1993,703,,,0
MMA,1994,675,,,0
MMA,1995,661,,,0
MMA,1996,655,,,0
MMA,1997,650,,,0
MMA,1998,647,,,0
MMA,1999,1853,,,0
MMA,2000,622,,,0
MMA,2001,624,,,0
MMA,2002,610,,,0
MMA,2003,605,,,0
MMA,2004,602,,,0
MMA,2005,579,,,0
MMA,2006,572,,,0
MMA,2007,567,,,0
MMA,2008,559,,,0
MMA,2009,552,,,0
MMA,2010,547,,,0
MMA,2011,536,,,0
MMA,2012,521,,,0
MMA,2013,490,,,0
MMA,2014,475,,,0
MMA,2015,459,,,0
MMA,2016,436,,,0
MMA,2017,384,,,0
MMA,2018,263,,,0
MMA,2019,131,,,0
MMA,2020,13,,,0
MMA,2021,119141,,,0
MMA,2022,196231,,,0
MMA,2023,5,,,0
MMA,2024,348057,,,0
MMA,2025,3914795,,,0
MMA,202425,3935769,,,0
Racing,1866,344397,,,0
Racing,1868,205692,,,0
Racing,1869,195177,,,0
Racing,1870,281520,,,0
Racing,1871,239182,,,0
Racing,1878,222911,,,0
Racing,1880,220128,,,0
Racing,1882,254109,,,0
Racing,1886,219167,,,0
Racing,1887,119695,,,0
Racing,1888,162726,,,0
Racing,1889,249991,,,0
Racing,1890,156171,,,0
Racing,1891,741185,,,0
Racing,1892,784931,,,0
Racing,1893,336728,,,0
Racing,1894,211989,,,0
Racing,1895,393905,,,0
Racing,1896,749768,,,0
Racing,1897,344825,,,0
Racing,1898,947906,,,0
Racing,1899,344051,,,0
Racing,1900,211631,,,0
Racing,1901,220830,,,0
Racing,1902,267143,,,0
Racing,1903,727547,,,0
Racing,1904,242663,,,0
Racing,1905,141024,,,0
Racing,1906,220700,,,0
Racing,1907,206728,,,0
Racing,1908,120655,,,0
Racing,1909,115204,,,0
Racing,1910,114137,,,0
Racing,1911,2181,,,0
Racing,1912,2207,,,0
Racing,1913,118380,,,0
Racing,1914,130528,,,0
Racing,1915,143455,,,0
Racing,1916,115475,,,0
Racing,1917,264357,,,0
Racing,1918,763059,,,0
Racing,1919,127326,,,0
Racing,1920,118395,,,0
Racing,1921,118389,,,0
Racing,1922,129355,,,0
Racing,1923,118390,,,0
Racing,1924,126261,,,0
Racing,1925,220665,,,0
Racing,1926,202221,,,0
Racing,1927,118399,,,0
Racing,1928,162581,,,0
Racing,1929,118316,,,0
Racing,1930,172609,,,0
Racing,1931,130626,,,0
Racing,1932,123228,,,0
Racing,1933,2195,,,0
Racing,1934,2190,,,0
Racing,1935,116443,,,0
Racing,1936,118229,,,0
Racing,1937,126802,,,0
Racing,1938,123473,,,0
Racing,1939,2192,,,0
Racing,1940,2188,,,0
Racing,1941,114721,,,0
Racing,1942,419478,,,0
Racing,1943,164761,,,0
Racing,1944,146201,,,0
Racing,1945,127367,,,0
Racing,1946,246524,,,0
Racing,1947,121443,,,0
Racing,1948,2202,,,0
Racing,1949,2206,,,0
Racing,1950,2205,,,0
Racing,1951,2203,,,0
Racing,1952,1040,,,0
Racing,1953,1079,,,0
Racing,1954,1071,,,0
Racing,1955,1072,,,0
Racing,1956,1103,,,0
Racing,1957,1041,,,0
Racing,1958,2127,,,0
Racing,1959,1047,,,0
Racing,1960,1077,,,0
Racing,1961,1076,,,0
Racing,1962,963,,,0
Racing,1963,967,,,0
Racing,1964,2218,,,0
Racing,1965,2223,,,0
Racing,1966,969,,,0
Racing,1967,968,,,0
Racing,1968,970,,,0
Racing,1969,974,,,0
Racing,1970,947,,,0
Racing,1971,945,,,0
Racing,1972,1968,,,0
Racing,1973,941,,,0
Racing,1974,937,,,0
Racing,1975,2153,,,0
Racing,1976,931,,,0
Racing,1977,923,,,0
Racing,1978,2256,,,0
Racing,1979,2121,,,0
Racing,1980,918,,,0
Racing,1981,908,,,0
Racing,1982,902,,,0
Racing,1983,885,,,0
Racing,1984,874,,,0
Racing,1985,867,,,0
Racing,1986,862,,,0
Racing,1987,839,,,0
Racing,1988,826,,,0
Racing,1989,801,,,0
Racing,1990,774,,,0
Racing,1991,745,,,0
Racing,1992,722,,,0
Racing,1993,703,,,0
Racing,1994,675,,,0
Racing,1995,661,,,0
Racing,1996,655,,,0
Racing,1997,650,,,0
Racing,1998,647,,,0
Racing,1999,1853,,,0
Racing,2000,622,,,0
Racing,2001,624,,,0
Racing,2002,610,,,0
Racing,2003,605,,,0
Racing,2004,602,,,0
Racing,2005,579,,,0
Racing,2006,572,,,0
Racing,2007,567,,,0
Racing,2008,559,,,0
Racing,2009,552,,,0
Racing,2010,547,,,0
Racing,2011,536,,,0
Racing,2012,521,,,0
Racing,2013,490,,,0
Racing,2014,475,,,0
Racing,2015,459,,,0
Racing,2016,436,,,0
Racing,2017,384,,,0
Racing,2018,263,,,0
Racing,2019,131,,,0
Racing,2020,13,,,0
Racing,2021,119141,,,0
Racing,2022,196231,,,0
Racing,2023,5,,,0
Racing,2024,348057,,,0
Racing,2025,3914795,,,0
Racing,202425,3935769,,,0
Tennis,1866,344397,,,0
Tennis,1868,205692,,,0
Tennis,1869,195177,,,0
Tennis,1870,281520,,,0
Tennis,1871,239182,,,0
Tennis,1878,222911,,,0
Tennis,1880,220128,,,0
Tennis,1882,254109,,,0
Tennis,1886,219167,,,0
Tennis,1887,119695,,,0
Tennis,1888,162726,,,0
Tennis,1889,249991,,,0
Tennis,1890,156171,,,0
Tennis,1891,741185,,,0
Tennis,1892,784931,,,0
Tennis,1893,336728,,,0
Tennis,1894,211989,,,0
Tennis,1895,393905,,,0
Tennis,1896,749768,,,0
Tennis,1897,344825,,,0
Tennis,1898,947906,,,0
Tennis,1899,344051,,,0
Tennis,1900,211631,,,0
Tennis,1901,220830,,,0
Tennis,1902,267143,,,0
Tennis,1903,727547,,,0
Tennis,1904,242663,,,0
Tennis,1905,141024,,,0
Tennis,1906,220700,,,0
Tennis,1907,206728,,,0
Tennis,1908,120655,,,0
Tennis,1909,115204,,,0
Tennis,1910,114137,,,0
Tennis,1911,2181,,,0
Tennis,1912,2207,,,0
Tennis,1913,118380,,,0
Tennis,1914,130528,,,0
Tennis,1915,143455,,,0
Tennis,1916,115475,,,0
Tennis,1917,264357,,,0
Tennis,1918,763059,,,0
Tennis,1919,127326,,,0
Tennis,1920,118395,,,0
Tennis,1921,118389,,,0
Tennis,1922,129355,,,0
Tennis,1923,118390,,,0
Tennis,1924,126261,,,0
Tennis,1925,220665,,,0
Tennis,1926,202221,,,0
Tennis,1927,118399,,,0
Tennis,1928,162581,,,0
Tennis,1929,118316,,,0
Tennis,1930,172609,,,0
Tennis,1931,130626,,,0
Tennis,1932,123228,,,0
Tennis,1933,2195,,,0
Tennis,1934,2190,,,0
Tennis,1935,116443,,,0
Tennis,1936,118229,,,0
Tennis,1937,126802,,,0
Tennis,1938,123473,,,0
Tennis,1939,2192,,,0
Tennis,1940,2188,,,0
Tennis,1941,114721,,,0
Tennis,1942,419478,,,0
Tennis,1943,164761,,,0
Tennis,1944,146201,,,0
Tennis,1945,127367,,,0
Tennis,1946,246524,,,0
Tennis,1947,121443,,,0
Tennis,1948,2202,,,0
Tennis,1949,2206,,,0
Tennis,1950,2205,,,0
Tennis,1951,2203,,,0
Tennis,1952,1040,,,0
Tennis,1953,1079,,,0
Tennis,1954,1071,,,0
Tennis,1955,1072,,,0
Tennis,1956,1103,,,0
Tennis,1957,1041,,,0
Tennis,1958,2127,,,0
Tennis,1959,1047,,,0
Tennis,1960,1077,,,0
Tennis,1961,1076,,,0
Tennis,1962,963,,,0
Tennis,1963,967,,,0
Tennis,1964,2218,,,0
Tennis,1965,2223,,,0
Tennis,1966,969,,,0
Tennis,1967,968,,,0
Tennis,1968,970,,,0
Tennis,1969,974,,,0
Tennis,1970,947,,,0
Tennis,1971,945,,,0
Tennis,1972,1968,,,0
Tennis,1973,941,,,0
Tennis,1974,937,,,0
Tennis,1975,2153,,,0
Tennis,1976,931,,,0
Tennis,1977,923,,,0
Tennis,1978,2256,,,0
Tennis,1979,2121,,,0
Tennis,1980,918,,,0
Tennis,1981,908,,,0
Tennis,1982,902,,,0
Tennis,1983,885,,,0
Tennis,1984,874,,,0
Tennis,1985,867,,,0
Tennis,1986,862,,,0
Tennis,1987,839,,,0
Tennis,1988,826,,,0
Tennis,1989,801,,,0
Tennis,1990,774,,,0
Tennis,1991,745,,,0
Tennis,1992,722,,,0
Tennis,1993,703,,,0
Tennis,1994,675,,,0
Tennis,1995,661,,,0
Tennis,1996,655,,,0
Tennis,1997,650,,,0
Tennis,1998,647,,,0
Tennis,1999,1853,,,0
Tennis,2000,622,,,0
Tennis,2001,624,,,0
Tennis,2002,610,,,0
Tennis,2003,605,,,0
Tennis,2004,602,,,0
Tennis,2005,579,,,0
Tennis,2006,572,,,0
Tennis,2007,567,,,0
Tennis,2008,559,,,0
Tennis,2009,552,,,0
Tennis,2010,547,,,0
Tennis,2011,536,,,0
Tennis,2012,521,,,0
Tennis,2013,490,,,0
Tennis,2014,475,,,0
Tennis,2015,459,,,0
Tennis,2016,436,,,0
Tennis,2017,384,,,0
Tennis,2018,263,,,0
Tennis,2019,131,,,0
Tennis,2020,13,,,0
Tennis,2021,119141,,,0
Tennis,2022,196231,,,0
Tennis,2023,5,,,0
Tennis,2024,348057,,,0
Tennis,2025,3914795,,,0
Tennis,202425,3935769,,,0
Wrestling,1866,344397,,,0
Wrestling,1868,205692,,,0
Wrestling,1869,195177,,,0
Wrestling,1870,281520,,,0
Wrestling,1871,239182,,,0
Wrestling,1878,222911,,,0
Wrestling,1880,220128,,,0
Wrestling,1882,254109,,,0
Wrestling,1886,219167,,,0
Wrestling,1887,119695,,,0
Wrestling,1888,162726,,,0
Wrestling,1889,249991,,,0
Wrestling,1890,156171,,,0
Wrestling,1891,741185,,,0
Wrestling,1892,784931,,,0
Wrestling,1893,336728,,,0
Wrestling,1894,211989,,,0
Wrestling,1895,393905,,,0
Wrestling,1896,749768,,,0
Wrestling,1897,344825,,,0
Wrestling,1898,947906,,,0
Wrestling,1899,344051,,,0
Wrestling,1900,211631,,,0
Wrestling,1901,220830,,,0
Wrestling,1902,267143,,,0
Wrestling,1903,727547,,,0
Wrestling,1904,242663,,,0
Wrestling,1905,141024,,,0
Wrestling,1906,220700,,,0
Wrestling,1907,206728,,,0
Wrestling,1908,120655,,,0
Wrestling,1909,115204,,,0
Wrestling,1910,114137,,,0
Wrestling,1911,2181,,,0
Wrestling,1912,2207,,,0
Wrestling,1913,118380,,,0
Wrestling,1914,130528,,,0
Wrestling,1915,143455,,,0
Wrestling,1916,115475,,,0
Wrestling,1917,264357,,,0
Wrestling,1918,763059,,,0
Wrestling,1919,127326,,,0
Wrestling,1920,118395,,,0
Wrestling,1921,118389,,,0
Wrestling,1922,129355,,,0
Wrestling,1923,118390,,,0
Wrestling,1924,126261,,,0
Wrestling,1925,220665,,,0
Wrestling,1926,202221,,,0
Wrestling,1927,118399,,,0
Wrestling,1928,162581,,,0
Wrestling,1929,118316,,,0
Wrestling,1930,172609,,,0
Wrestling,1931,130626,,,0
Wrestling,1932,123228,,,0
Wrestling,1933,2195,,,0
Wrestling,1934,2190,,,0
Wrestling,1935,116443,,,0
Wrestling,1936,118229,,,0
Wrestling,1937,126802,,,0
Wrestling,1938,123473,,,0
Wrestling,1939,2192,,,0
Wrestling,1940,2188,,,0
Wrestling,1941,114721,,,0
Wrestling,1942,419478,,,0
Wrestling,1943,164761,,,0
Wrestling,1944,146201,,,0
Wrestling,1945,127367,,,0
Wrestling,1946,246524,,,0
Wrestling,1947,121443,,,0
Wrestling,1948,2202,,,0
Wrestling,1949,2206,,,0
Wrestling,1950,2205,,,0
Wrestling,1951,2203,,,0
Wrestling,1952,1040,,,0
Wrestling,1953,1079,,,0
Wrestling,1954,1071,,,0
Wrestling,1955,1072,,,0
Wrestling,1956,1103,,,0
Wrestling,1957,1041,,,0
Wrestling,1958,2127,,,0
Wrestling,1959,1047,,,0
Wrestling,1960,1077,,,0
Wrestling,1961,1076,,,0
Wrestling,1962,963,,,0
Wrestling,1963,967,,,0
Wrestling,1964,2218,,,0
Wrestling,1965,2223,,,0
Wrestling,1966,969,,,0
Wrestling,1967,968,,,0
Wrestling,1968,970,,,0
Wrestling,1969,974,,,0
Wrestling,1970,947,,,0
Wrestling,1971,945,,,0
Wrestling,1972,1968,,,0
Wrestling,1973,941,,,0
Wrestling,1974,937,,,0
Wrestling,1975,2153,,,0
Wrestling,1976,931,,,0
Wrestling,1977,923,,,0
Wrestling,1978,2256,,,0
Wrestling,1979,2121,,,0
Wrestling,1980,918,,,0
Wrestling,1981,908,,,0
Wrestling,1982,902,,,0
Wrestling,1983,885,,,0
Wrestling,1984,874,,,0
Wrestling,1985,867,,,0
Wrestling,1986,862,,,0
Wrestling,1987,839,,,0
Wrestling,1988,826,,,0
Wrestling,1989,801,,,0
Wrestling,1990,774,,,0
Wrestling,1991,745,,,0
Wrestling,1992,722,,,0
Wrestling,1993,703,,,0
Wrestling,1994,675,,,0
Wrestling,1995,661,,,0
Wrestling,1996,655,,,0
Wrestling,1997,650,,,0
Wrestling,1998,647,,,0
Wrestling,1999,1853,,,0
Wrestling,2000,622,,,0
Wrestling,2001,624,,,0
Wrestling,2002,610,,,0
Wrestling,2003,605,,,0
Wrestling,2004,602,,,0
Wrestling,2005,579,,,0
Wrestling,2006,572,,,0
Wrestling,2007,567,,,0
Wrestling,2008,559,,,0
Wrestling,2009,552,,,0
Wrestling,2010,547,,,0
Wrestling,2011,536,,,0
Wrestling,2012,521,,,0
Wrestling,2013,490,,,0
Wrestling,2014,475,,,0
Wrestling,2015,459,,,0
Wrestling,2016,436,,,0
Wrestling,2017,384,,,0
Wrestling,2018,263,,,0
Wrestling,2019,131,,,0
Wrestling,2020,13,,,0
Wrestling,2021,119141,,,0
Wrestling,2022,196231,,,0
Wrestling,2023,5,,,0
Wrestling,2024,348057,,,0
Wrestling,2025,3914795,,,0
Wrestling,202425,3935769,,,0
